owl,nest,id_nest,sex,yrs,date,age,phase,XP0_D,YP0_D,X_nest,Y_nest
23,c,3,1,2,2004-04-08,162,1,231298,4165593,230582,4166865
23,c,3,1,2,2004-04-12,284,1,231596,4161333,230582,4166865
23,c,3,1,2,2004-05-09,194,1,230076,4163281,230582,4166865
23,c,3,1,2,2004-07-11,257,1,231408,4161354,230582,4166865
23,c,3,1,2,2004-07-12,287,1,231741,4162091,230582,4166865
23,c,3,1,2,2004-08-14,172,1,229636,4164326,230582,4166865
23,c,3,1,2,2004-08-16,174,1,230157,4163841,230582,4166865
23,c,3,1,2,2004-09-10,228,1,232588,4162946,230582,4166865
23,c,3,1,2,2004-10-15,234,1,231313,4163475,230582,4166865
23,c,3,1,2,2004-10-23,242,1,231313,4163475,230582,4166865
23,c,3,1,2,2004-10-31,250,1,231488,4162169,230582,4166865
23,c,3,1,2,2004-11-08,169,1,232587,4162181,230582,4166865
23,c,3,1,2,2004-11-12,291,1,231804,4162725,230582,4166865
23,c,3,1,2,2004-11-27,277,1,231686,4162195,230582,4166865
23,c,3,1,2,2004-12-11,262,1,231589,4163007,230582,4166865
23,c,3,1,2,2004-12-14,294,1,231708,4161911,230582,4166865
23,c,3,1,2,2004-12-28,308,1,230987,4162307,230582,4166865
23,c,3,1,2,2005-01-21,332,1,230075,4164293,230582,4166865
23,c,3,1,2,2005-01-25,336,1,230026,4164243,230582,4166865
23,c,3,1,2,2005-02-02,344,1,230027,4164278,230582,4166865
23,c,3,1,2,2005-03-19,389,1,225829,4164981,230582,4166865
23,c,3,1,2,2005-03-23,393,1,225607,4163080,230582,4166865
23,c,3,1,2,2005-03-29,399,1,227098,4163263,230582,4166865
23,c,3,1,2,2005-06-03,376,1,227355,4163431,230582,4166865
23,c,3,1,2,2005-06-27,489,1,227947,4159851,230582,4166865
23,c,3,1,2,2005-08-01,319,1,230987,4162307,230582,4166865
23,c,3,1,2,2005-08-04,409,1,224335,4162938,230582,4166865
23,c,3,1,2,2005-12-03,382,1,225737,4165936,230582,4166865
33,b,2,1,2,2004-02-10,220,1,226507,4165853,231560,4165831
33,b,2,1,2,2004-03-09,191,1,227183,4162744,231560,4165831
33,b,2,1,2,2004-03-11,252,1,226002,4165820,231560,4165831
33,b,2,1,2,2004-04-12,283,1,225480,4166123,231560,4165831
33,b,2,1,2,2004-09-09,197,1,226227,4164548,231560,4165831
33,b,2,1,2,2004-09-17,205,1,227487,4165390,231560,4165831
33,b,2,1,2,2004-09-23,211,1,225786,4165800,231560,4165831
33,b,2,1,2,2004-10-10,228,1,226851,4164866,231560,4165831
33,b,2,1,2,2004-10-11,259,1,225658,4165196,231560,4165831
33,b,2,1,2,2004-10-20,238,1,226467,4165856,231560,4165831
33,b,2,1,2,2004-11-19,268,1,225739,4166138,231560,4165831
33,b,2,1,2,2004-11-24,273,1,225413,4166767,231560,4165831
33,b,2,1,2,2004-12-18,297,1,221683,4166390,231560,4165831
33,b,2,1,2,2004-12-26,305,1,222995,4166262,231560,4165831
33,b,2,1,2,2005-01-01,311,1,223471,4166344,231560,4165831
33,b,2,1,2,2005-01-21,331,1,219569,4167665,231560,4165831
33,b,2,1,2,2005-02-02,343,1,221563,4163321,231560,4165831
33,b,2,1,2,2005-03-05,433,2,221096,4160997,231560,4165831
33,b,2,1,2,2005-04-06,465,2,221004,4162081,231560,4165831
33,b,2,1,2,2005-05-03,374,2,221563,4163321,231560,4165831
33,b,2,1,2,2005-06-25,486,2,221586,4165277,231560,4165831
33,b,2,1,2,2005-09-07,500,2,220952,4164058,231560,4165831
33,b,2,1,2,2005-09-13,566,2,221807,4162583,231560,4165831
33,b,2,1,2,2005-10-06,471,2,221428,4161529,231560,4165831
33,b,2,1,2,2005-10-08,532,2,221115,4163383,231560,4165831
33,b,2,1,2,2005-12-07,503,2,220952,4164058,231560,4165831
45,b,2,1,2,2004-01-09,153,1,229978,4168814,231560,4165831
45,b,2,1,2,2004-02-10,184,1,226494,4165927,231560,4165831
45,b,2,1,2,2004-09-09,161,1,228723,4164067,231560,4165831
45,b,2,1,2,2004-09-17,169,1,227596,4165192,231560,4165831
45,b,2,1,2,2004-09-23,175,1,226279,4166060,231560,4165831
45,b,2,1,2,2004-10-10,192,1,226185,4166045,231560,4165831
45,b,2,1,2,2004-10-17,199,1,226293,4165895,231560,4165831
45,b,2,1,2,2004-10-20,202,1,225051,4167743,231560,4165831
45,b,2,1,2,2005-02-02,307,1,221424,4163376,231560,4165831
45,b,2,1,2,2005-05-03,338,1,221424,4163376,231560,4165831
93,c,3,1,2,2004-04-08,161,1,231036,4166466,230582,4166865
93,c,3,1,2,2004-08-14,171,1,229990,4165404,230582,4166865
93,c,3,1,2,2004-08-15,172,1,227137,4163205,230582,4166865
93,c,3,1,2,2004-08-18,175,1,227850,4164735,230582,4166865
93,c,3,1,2,2004-08-28,185,1,227321,4167986,230582,4166865
93,c,3,1,2,2004-09-18,206,1,228338,4164565,230582,4166865
93,c,3,1,2,2004-09-23,211,1,225959,4166189,230582,4166865
93,c,3,1,2,2004-11-08,168,1,230128,4165902,230582,4166865
105,t,10,1,4,2006-05-09,168,2,227631,4164292,230952,4167454
105,t,10,1,4,2006-08-15,147,1,226029,4165843,230952,4167454
105,t,10,1,4,2006-08-17,149,2,225782,4165735,230952,4167454
105,t,10,1,4,2006-08-22,154,2,225651,4165064,230952,4167454
105,t,10,1,4,2006-08-29,161,2,226398,4164690,230952,4167454
105,t,10,1,4,2006-09-20,183,2,227204,4164655,230952,4167454
105,t,10,1,4,2006-09-29,192,2,226155,4164586,230952,4167454
105,t,10,1,4,2006-10-08,142,1,231943,4166226,230952,4167454
105,t,10,1,4,2006-10-10,203,2,227204,4164655,230952,4167454
105,t,10,1,4,2006-11-09,174,2,225538,4164688,230952,4167454
114,q,8,1,2,2004-08-14,168,1,229951,4165929,231065,4166634
114,q,8,1,2,2004-08-16,170,1,230310,4165282,231065,4166634
114,q,8,1,2,2004-08-19,173,1,227230,4164076,231065,4166634
114,q,8,1,2,2004-08-28,182,1,229336,4164928,231065,4166634
114,q,8,1,2,2004-09-09,194,1,229041,4164272,231065,4166634
114,q,8,1,2,2004-09-10,224,1,229183,4164400,231065,4166634
114,q,8,1,2,2004-09-17,202,1,229466,4162933,231065,4166634
114,q,8,1,2,2004-09-23,208,1,228657,4164477,231065,4166634
114,q,8,1,2,2004-09-25,210,1,228857,4164614,231065,4166634
114,q,8,1,2,2004-10-11,256,1,229157,4164305,231065,4166634
114,q,8,1,2,2004-10-14,229,1,228795,4165983,231065,4166634
114,q,8,1,2,2004-10-20,235,1,228790,4164150,231065,4166634
114,q,8,1,2,2004-10-26,241,1,228797,4164491,231065,4166634
114,q,8,1,2,2004-11-08,165,1,229282,4166247,231065,4166634
114,q,8,1,2,2004-11-20,266,1,229293,4165393,231065,4166634
114,q,8,1,2,2004-11-24,270,1,227998,4164777,231065,4166634
114,q,8,1,2,2005-01-01,308,2,220835,4168131,231065,4166634
114,q,8,1,2,2005-01-30,337,2,219187,4167980,231065,4166634
114,q,8,1,2,2005-02-02,340,2,219033,4167803,231065,4166634
114,q,8,1,2,2005-02-04,399,2,216034,4170239,231065,4166634
114,q,8,1,2,2005-02-13,351,2,218206,4167081,231065,4166634
114,q,8,1,2,2005-02-15,353,2,215881,4166664,231065,4166634
114,q,8,1,2,2005-03-19,385,2,215540,4168030,231065,4166634
114,q,8,1,2,2005-04-06,462,2,216795,4166443,231065,4166634
114,q,8,1,2,2005-05-03,371,2,215881,4166664,231065,4166634
114,q,8,1,2,2005-05-16,443,2,216161,4166355,231065,4166634
114,q,8,1,2,2005-07-16,504,2,216170,4167166,231065,4166634
114,q,8,1,2,2005-08-07,496,2,216679,4167722,231065,4166634
114,q,8,1,2,2005-08-13,532,2,216170,4167166,231065,4166634
114,q,8,1,2,2005-08-19,538,2,219851,4168050,231065,4166634
114,q,8,1,2,2005-09-16,566,2,219851,4168050,231065,4166634
114,q,8,1,2,2005-12-03,378,2,215917,4166518,231065,4166634
125,b,2,1,2,2004-04-11,217,1,223997,4164279,231560,4165831
125,b,2,1,2,2004-08-15,136,1,228718,4165370,231560,4165831
125,b,2,1,2,2004-08-18,139,1,228374,4166133,231560,4165831
125,b,2,1,2,2004-08-28,149,1,227470,4162819,231560,4165831
125,b,2,1,2,2004-10-20,202,1,224798,4167577,231560,4165831
125,b,2,1,2,2004-11-15,228,1,224510,4164106,231560,4165831
125,b,2,1,2,2004-11-30,243,1,226686,4158668,231560,4165831
125,b,2,1,2,2004-12-22,265,1,229995,4159347,231560,4165831
125,b,2,1,2,2005-01-16,290,2,231426,4149653,231560,4165831
125,b,2,1,2,2005-01-21,295,2,231564,4149896,231560,4165831
125,b,2,1,2,2005-02-02,307,2,231329,4149429,231560,4165831
125,b,2,1,2,2005-02-18,323,2,232081,4148781,231560,4165831
125,b,2,1,2,2005-03-05,397,2,230670,4148392,231560,4165831
125,b,2,1,2,2005-05-16,410,2,231889,4149300,231560,4165831
125,b,2,1,2,2005-05-23,417,2,230768,4148721,231560,4165831
144,t,10,1,4,2006-01-09,168,1,233705,4164358,230952,4167454
144,t,10,1,4,2006-03-08,139,1,230935,4163761,230952,4167454
144,t,10,1,4,2006-05-11,233,1,242690,4167943,230952,4167454
144,t,10,1,4,2006-07-29,134,1,228335,4163491,230952,4167454
144,t,10,1,4,2006-07-30,135,1,228315,4163935,230952,4167454
144,t,10,1,4,2006-08-09,175,1,233966,4164391,230952,4167454
144,t,10,1,4,2006-08-19,155,1,233327,4164089,230952,4167454
144,t,10,1,4,2006-08-22,158,1,233857,4164728,230952,4167454
144,t,10,1,4,2006-09-14,181,1,233502,4164486,230952,4167454
144,t,10,1,4,2006-09-20,187,1,234107,4166310,230952,4167454
144,t,10,1,4,2006-09-28,195,1,233563,4165844,230952,4167454
144,t,10,1,4,2006-11-08,147,1,232911,4165389,230952,4167454
144,t,10,1,4,2006-11-18,246,1,241748,4170126,230952,4167454
144,t,10,1,4,2006-11-29,257,1,242172,4169325,230952,4167454
144,t,10,1,4,2006-12-10,209,1,242445,4168965,230952,4167454
144,t,10,1,4,2006-12-11,240,1,240754,4170053,230952,4167454
154,b,2,1,4,2006-03-08,155,1,228462,4165727,231560,4165831
154,b,2,1,4,2006-04-11,248,2,224530,4165334,231560,4165831
154,b,2,1,4,2006-07-11,251,2,224514,4165291,231560,4165831
154,b,2,1,4,2006-07-16,137,1,228038,4168204,231560,4165831
154,b,2,1,4,2006-07-22,143,1,225784,4164874,231560,4165831
154,b,2,1,4,2006-07-29,150,1,227154,4164559,231560,4165831
154,b,2,1,4,2006-08-09,191,2,223142,4165809,231560,4165831
154,b,2,1,4,2006-08-12,282,2,223737,4165398,231560,4165831
154,b,2,1,4,2006-08-15,167,1,226342,4164591,231560,4165831
154,b,2,1,4,2006-08-22,174,1,226084,4163814,231560,4165831
154,b,2,1,4,2006-08-29,181,2,224143,4166169,231560,4165831
154,b,2,1,4,2006-09-14,197,2,224770,4166337,231560,4165831
154,b,2,1,4,2006-09-20,203,2,224713,4166175,231560,4165831
154,b,2,1,4,2006-09-28,211,2,224802,4166660,231560,4165831
154,b,2,1,4,2006-09-30,213,2,224713,4166175,231560,4165831
154,b,2,1,4,2006-10-08,162,1,226135,4164396,231560,4165831
154,b,2,1,4,2006-11-23,267,2,224520,4164838,231560,4165831
154,b,2,1,4,2006-11-29,273,2,224600,4164623,231560,4165831
154,b,2,1,4,2006-12-15,289,2,224912,4164634,231560,4165831
154,b,2,1,4,2007-02-02,338,2,224225,4164908,231560,4165831
154,b,2,1,4,2007-02-18,354,2,226280,4166155,231560,4165831
154,b,2,1,4,2007-02-24,360,2,225946,4165912,231560,4165831
154,b,2,1,4,2007-02-28,364,2,226603,4165936,231560,4165831
154,b,2,1,4,2007-04-01,309,2,224793,4164474,231560,4165831
154,b,2,1,4,2007-06-02,342,2,224052,4165127,231560,4165831
154,b,2,1,4,2007-10-03,374,2,226283,4166187,231560,4165831
165,t,10,1,4,2006-01-09,166,2,229968,4164050,230952,4167454
165,t,10,1,4,2006-04-11,230,2,228030,4164154,230952,4167454
165,t,10,1,4,2006-05-09,170,2,229805,4164163,230952,4167454
165,t,10,1,4,2006-07-29,132,1,229667,4164523,230952,4167454
165,t,10,1,4,2006-07-30,133,1,227303,4163429,230952,4167454
165,t,10,1,4,2006-08-17,151,1,229418,4164404,230952,4167454
165,t,10,1,4,2006-08-22,156,2,229711,4164252,230952,4167454
165,t,10,1,4,2006-08-29,163,2,229683,4164778,230952,4167454
165,t,10,1,4,2006-09-14,179,2,229791,4164407,230952,4167454
165,t,10,1,4,2006-09-20,185,2,227010,4164214,230952,4167454
165,t,10,1,4,2006-09-28,193,2,229844,4164189,230952,4167454
165,t,10,1,4,2006-10-10,205,2,229690,4164572,230952,4167454
165,t,10,1,4,2006-10-11,236,2,229315,4165780,230952,4167454
165,t,10,1,4,2006-11-08,145,1,232043,4164678,230952,4167454
165,t,10,1,4,2006-11-19,245,2,229720,4165124,230952,4167454
193,a,1,1,4,2006-03-08,158,1,229541,4164631,229970,4166821
193,a,1,1,4,2006-04-11,251,1,229858,4163125,229970,4166821
193,a,1,1,4,2006-05-09,191,1,229458,4163988,229970,4166821
193,a,1,1,4,2006-07-22,146,1,229475,4164972,229970,4166821
193,a,1,1,4,2006-07-29,153,1,229126,4165152,229970,4166821
193,a,1,1,4,2006-07-30,154,1,229165,4165472,229970,4166821
193,a,1,1,4,2006-08-12,285,1,230119,4163509,229970,4166821
193,a,1,1,4,2006-08-15,170,1,229634,4165179,229970,4166821
193,a,1,1,4,2006-08-22,177,1,232582,4165771,229970,4166821
193,a,1,1,4,2006-08-29,184,1,229985,4163919,229970,4166821
193,a,1,1,4,2006-09-14,200,1,229900,4163882,229970,4166821
193,a,1,1,4,2006-09-28,214,1,230580,4163268,229970,4166821
193,a,1,1,4,2006-10-10,226,1,229919,4163768,229970,4166821
193,a,1,1,4,2006-10-11,257,1,231656,4163701,229970,4166821
193,a,1,1,4,2006-11-19,266,1,229488,4166442,229970,4166821
193,a,1,1,4,2006-11-23,270,1,229850,4164298,229970,4166821
193,a,1,1,4,2006-11-29,276,1,229912,4163506,229970,4166821
193,a,1,1,4,2006-12-15,292,1,230167,4163037,229970,4166821
193,a,1,1,4,2007-02-02,341,1,232016,4165571,229970,4166821
193,a,1,1,4,2007-02-18,357,1,231414,4166313,229970,4166821
193,a,1,1,4,2007-04-01,312,1,230495,4163033,229970,4166821
193,a,1,1,4,2007-06-02,345,1,230065,4164105,229970,4166821
226,s,9,1,2,2004-04-12,274,1,230842,4162704,229748,4164959
226,s,9,1,2,2004-07-12,277,1,231249,4162307,229748,4164959
226,s,9,1,2,2004-09-10,218,1,230376,4164160,229748,4164959
226,s,9,1,2,2004-10-14,223,1,232568,4162139,229748,4164959
226,s,9,1,2,2004-10-31,240,1,231829,4163670,229748,4164959
226,s,9,1,2,2004-11-19,259,1,231214,4162681,229748,4164959
226,s,9,1,2,2004-12-14,284,1,230371,4163172,229748,4164959
226,s,9,1,2,2004-12-22,292,1,229678,4162107,229748,4164959
226,s,9,1,2,2004-12-28,298,1,229885,4163841,229748,4164959
226,s,9,1,2,2005-01-03,361,1,231041,4161811,229748,4164959
226,s,9,1,2,2005-01-16,317,1,230398,4163385,229748,4164959
226,s,9,1,2,2005-01-21,322,1,230258,4162872,229748,4164959
226,s,9,1,2,2005-02-13,345,1,229819,4163158,229748,4164959
226,s,9,1,2,2005-02-15,347,1,231006,4162617,229748,4164959
226,s,9,1,2,2005-02-23,355,1,230466,4162430,229748,4164959
226,s,9,1,2,2005-03-07,485,2,231092,4162582,229748,4164959
226,s,9,1,2,2005-03-19,379,2,231024,4162197,229748,4164959
226,s,9,1,2,2005-03-26,386,2,231136,4162481,229748,4164959
226,s,9,1,2,2005-06-14,466,2,231169,4162316,229748,4164959
226,s,9,1,2,2005-07-14,496,2,231009,4162244,229748,4164959
226,s,9,1,2,2005-07-24,506,2,231158,4162320,229748,4164959
226,s,9,1,2,2005-08-01,309,1,229885,4163841,229748,4164959
226,s,9,1,2,2005-10-12,645,2,231049,4162423,229748,4164959
226,s,9,1,2,2005-11-03,371,2,229931,4163350,229748,4164959
226,s,9,1,2,2005-12-26,661,2,231100,4162559,229748,4164959
263,a,1,1,4,2006-01-09,189,1,233340,4164291,229970,4166821
263,a,1,1,4,2006-03-08,160,1,230346,4165693,229970,4166821
263,a,1,1,4,2006-05-11,254,1,232684,4162314,229970,4166821
263,a,1,1,4,2006-07-29,155,1,229764,4164380,229970,4166821
263,a,1,1,4,2006-08-09,196,1,233558,4164867,229970,4166821
263,a,1,1,4,2006-08-12,287,1,234161,4161711,229970,4166821
263,a,1,1,4,2006-08-19,176,1,233254,4163880,229970,4166821
263,a,1,1,4,2006-08-22,179,1,233181,4164058,229970,4166821
263,a,1,1,4,2006-09-14,202,1,233194,4163923,229970,4166821
263,a,1,1,4,2006-11-08,168,1,233169,4163972,229970,4166821
263,a,1,1,4,2006-11-18,267,1,234524,4161598,229970,4166821
263,a,1,1,4,2006-11-26,275,1,233697,4161188,229970,4166821
263,a,1,1,4,2006-11-29,278,1,234059,4161542,229970,4166821
263,a,1,1,4,2006-12-11,261,1,236239,4160907,229970,4166821
263,a,1,1,4,2007-02-02,343,1,233813,4161559,229970,4166821
263,a,1,1,4,2007-02-24,365,1,233985,4161411,229970,4166821
263,a,1,1,4,2007-02-28,369,1,233762,4161354,229970,4166821
263,a,1,1,4,2007-03-22,391,1,233498,4161034,229970,4166821
263,a,1,1,4,2007-08-02,349,1,233873,4161548,229970,4166821
263,a,1,1,4,2007-08-04,408,1,233878,4161370,229970,4166821
263,a,1,1,4,2007-10-03,379,1,233906,4161376,229970,4166821
272,a,1,2,4,2006-03-08,162,1,229382,4164766,229970,4166821
272,a,1,2,4,2006-04-11,255,2,225823,4164716,229970,4166821
272,a,1,2,4,2006-05-09,195,2,227092,4164796,229970,4166821
272,a,1,2,4,2006-07-11,258,2,225527,4164691,229970,4166821
272,a,1,2,4,2006-07-22,150,1,229100,4165158,229970,4166821
272,a,1,2,4,2006-07-30,158,1,227311,4163729,229970,4166821
272,a,1,2,4,2006-08-12,289,2,226080,4164747,229970,4166821
272,a,1,2,4,2006-08-15,174,1,226920,4163853,229970,4166821
272,a,1,2,4,2006-08-27,186,2,227310,4166927,229970,4166821
272,a,1,2,4,2006-09-14,204,2,227167,4166059,229970,4166821
272,a,1,2,4,2006-09-20,210,2,226280,4164332,229970,4166821
272,a,1,2,4,2006-09-28,218,2,224810,4165233,229970,4166821
272,a,1,2,4,2006-11-17,268,2,226264,4164309,229970,4166821
272,a,1,2,4,2006-11-23,274,2,225731,4164316,229970,4166821
272,a,1,2,4,2006-11-29,280,2,225557,4164493,229970,4166821
272,a,1,2,4,2006-12-10,232,2,226280,4164256,229970,4166821
272,a,1,2,4,2006-12-15,296,2,225758,4164177,229970,4166821
272,a,1,2,4,2007-02-02,345,2,225622,4164330,229970,4166821
272,a,1,2,4,2007-02-18,361,2,225943,4164514,229970,4166821
272,a,1,2,4,2007-02-24,367,2,225618,4164476,229970,4166821
272,a,1,2,4,2007-04-01,316,2,225624,4164489,229970,4166821
272,a,1,2,4,2007-06-02,349,2,225493,4164206,229970,4166821
305,c,3,1,1,2003-01-09,192,1,226866,4166527,230582,4166865
305,c,3,1,1,2003-03-12,285,2,226176,4167045,230582,4166865
305,c,3,1,1,2003-05-08,165,1,227583,4166398,230582,4166865
305,c,3,1,1,2003-05-09,196,1,227316,4163531,230582,4166865
305,c,3,1,1,2003-05-11,257,2,223383,4166130,230582,4166865
305,c,3,1,1,2003-06-08,166,1,226746,4166541,230582,4166865
305,c,3,1,1,2003-07-09,198,1,226406,4166234,230582,4166865
305,c,3,1,1,2003-07-21,150,1,229759,4165690,230582,4166865
305,c,3,1,1,2003-07-31,160,1,226684,4166140,230582,4166865
305,c,3,1,1,2003-08-13,173,1,227176,4167275,230582,4166865
305,c,3,1,1,2003-08-17,177,1,226641,4165773,230582,4166865
305,c,3,1,1,2003-08-21,181,1,227390,4165320,230582,4166865
305,c,3,1,1,2003-08-22,182,1,227490,4165459,230582,4166865
305,c,3,1,1,2003-08-27,187,1,227241,4165946,230582,4166865
305,c,3,1,1,2003-09-13,204,1,227157,4166098,230582,4166865
305,c,3,1,1,2003-09-19,210,1,225803,4165916,230582,4166865
305,c,3,1,1,2003-09-24,215,1,226264,4165718,230582,4166865
305,c,3,1,1,2003-10-26,247,2,224000,4166049,230582,4166865
305,c,3,1,1,2003-11-08,171,1,226219,4166104,230582,4166865
305,c,3,1,1,2004-01-06,466,2,227657,4167284,230582,4166865
305,c,3,1,1,2004-01-21,334,2,225171,4168218,230582,4166865
305,c,3,1,1,2004-01-30,343,2,225442,4166888,230582,4166865
305,c,3,1,1,2004-01-31,344,2,225273,4168206,230582,4166865
305,c,3,1,1,2004-02-19,363,2,225818,4167670,230582,4166865
305,c,3,1,1,2004-02-22,366,2,228033,4167254,230582,4166865
305,c,3,1,1,2004-02-25,369,2,227104,4167775,230582,4166865
305,c,3,1,1,2004-03-05,437,2,225635,4167209,230582,4166865
305,c,3,1,1,2004-03-10,590,2,227658,4168076,230582,4166865
305,c,3,1,1,2004-03-17,390,2,225565,4167795,230582,4166865
305,c,3,1,1,2004-03-25,398,2,225282,4168673,230582,4166865
305,c,3,1,1,2004-04-23,427,2,225747,4167981,230582,4166865
305,c,3,1,1,2004-04-26,430,2,225943,4167770,230582,4166865
305,c,3,1,1,2004-05-03,378,2,227779,4166571,230582,4166865
305,c,3,1,1,2004-05-04,409,2,226423,4166600,230582,4166865
305,c,3,1,1,2004-05-21,455,2,227680,4168547,230582,4166865
305,c,3,1,1,2004-05-25,459,2,227786,4167802,230582,4166865
305,c,3,1,1,2004-06-07,501,2,227432,4167401,230582,4166865
305,c,3,1,1,2004-06-14,479,2,225607,4167057,230582,4166865
305,c,3,1,1,2004-06-28,493,2,227939,4168093,230582,4166865
305,c,3,1,1,2004-07-25,520,2,227476,4168472,230582,4166865
305,c,3,1,1,2004-07-27,522,2,228098,4167630,230582,4166865
305,c,3,1,1,2004-08-06,473,2,227086,4167322,230582,4166865
305,c,3,1,1,2004-08-08,534,2,228019,4166928,230582,4166865
305,c,3,1,1,2004-08-17,543,2,227768,4167240,230582,4166865
305,c,3,1,1,2004-08-28,554,2,227730,4167880,230582,4166865
305,c,3,1,1,2004-08-31,557,2,227430,4167191,230582,4166865
305,c,3,1,1,2004-09-10,596,2,226895,4167583,230582,4166865
305,c,3,1,1,2004-09-25,582,2,227298,4167807,230582,4166865
305,c,3,1,1,2004-10-02,354,2,226339,4167304,230582,4166865
305,c,3,1,1,2004-10-03,383,2,226024,4167182,230582,4166865
305,c,3,1,1,2004-10-15,602,2,227423,4167633,230582,4166865
305,c,3,1,1,2004-11-09,568,2,227781,4168194,230582,4166865
305,c,3,1,1,2004-12-04,416,2,227142,4167079,230582,4166865
305,c,3,1,1,2004-12-05,446,2,225590,4166691,230582,4166865
305,c,3,1,1,2004-12-07,507,2,227059,4167438,230582,4166865
333,b,2,2,3,2006-08-12,286,1,230570,4159171,231560,4165831
333,b,2,2,3,2006-08-22,178,1,229943,4164354,231560,4165831
333,b,2,2,3,2006-08-29,185,1,231326,4165200,231560,4165831
333,b,2,2,3,2006-09-14,201,1,230090,4163870,231560,4165831
333,b,2,2,3,2006-09-20,207,1,230223,4163806,231560,4165831
333,b,2,2,3,2006-09-26,213,1,230054,4164054,231560,4165831
333,b,2,2,3,2006-10-11,258,1,230207,4159182,231560,4165831
333,b,2,2,3,2006-11-17,265,1,230636,4159005,231560,4165831
333,b,2,2,3,2006-11-26,274,1,230626,4159217,231560,4165831
333,b,2,2,3,2006-11-29,277,1,230639,4159262,231560,4165831
333,b,2,2,3,2006-12-10,229,1,231458,4167463,231560,4165831
333,b,2,2,3,2007-04-01,313,1,230611,4159171,231560,4165831
333,b,2,2,3,2007-08-02,348,1,230650,4159131,231560,4165831
343,u,11,2,4,2006-08-25,543,1,233637,4166371,231560,4165831
343,u,11,2,4,2006-09-24,573,1,242233,4168953,231560,4165831
343,u,11,2,4,2006-09-28,577,1,242233,4168953,231560,4165831
343,u,11,2,4,2006-12-10,591,1,242233,4168953,231560,4165831
343,u,11,2,4,2007-02-18,720,1,231567,4165126,231560,4165831
343,u,11,2,4,2007-02-24,726,1,232436,4163677,231560,4165831
343,u,11,2,4,2007-02-28,730,1,230086,4163843,231560,4165831
343,u,11,2,4,2007-03-06,825,1,229572,4163333,231560,4165831
343,u,11,2,4,2007-04-22,783,1,229891,4163712,231560,4165831
343,u,11,2,4,2007-05-19,810,1,229891,4163392,231560,4165831
343,u,11,2,4,2007-06-05,797,1,229895,4163422,231560,4165831
343,u,11,2,4,2007-07-22,874,1,230141,4163856,231560,4165831
343,u,11,2,4,2007-08-04,769,1,229629,4163688,231560,4165831
343,u,11,2,4,2007-08-15,898,1,229897,4163710,231560,4165831
343,u,11,2,4,2007-10-03,740,1,230030,4163214,231560,4165831
345,c,3,1,1,2003-01-09,192,1,226420,4166128,230582,4166865
345,c,3,1,1,2003-05-09,196,1,226570,4166378,230582,4166865
345,c,3,1,1,2003-05-11,257,1,224843,4168614,230582,4166865
345,c,3,1,1,2003-07-10,228,1,224195,4168718,230582,4166865
345,c,3,1,1,2003-07-21,150,1,229141,4167131,230582,4166865
345,c,3,1,1,2003-08-17,177,1,227299,4165269,230582,4166865
345,c,3,1,1,2003-08-21,181,1,227784,4166165,230582,4166865
345,c,3,1,1,2003-08-22,182,1,227307,4166390,230582,4166865
345,c,3,1,1,2003-08-27,187,1,226725,4165943,230582,4166865
345,c,3,1,1,2003-09-24,215,1,226456,4166163,230582,4166865
345,c,3,1,1,2003-10-19,240,1,224849,4168671,230582,4166865
345,c,3,1,1,2003-11-08,171,1,225753,4166594,230582,4166865
345,c,3,1,1,2003-11-14,266,1,224505,4168762,230582,4166865
345,c,3,1,1,2003-11-26,278,1,223848,4168432,230582,4166865
345,c,3,1,1,2003-12-10,233,1,225745,4167301,230582,4166865
345,c,3,1,1,2003-12-14,296,1,224344,4168307,230582,4166865
345,c,3,1,1,2004-01-05,435,1,223929,4168767,230582,4166865
345,c,3,1,1,2004-01-06,466,1,225693,4165303,230582,4166865
345,c,3,1,1,2004-01-27,340,1,224433,4167783,230582,4166865
345,c,3,1,1,2004-01-30,343,1,224486,4168533,230582,4166865
345,c,3,1,1,2004-02-10,589,2,224677,4168107,230582,4166865
345,c,3,1,1,2004-02-22,366,1,224639,4168872,230582,4166865
345,c,3,1,1,2004-02-25,369,1,227772,4169168,230582,4166865
345,c,3,1,1,2004-03-05,437,1,224269,4167888,230582,4166865
345,c,3,1,1,2004-03-07,498,1,223680,4167896,230582,4166865
345,c,3,1,1,2004-03-11,621,2,224046,4168581,230582,4166865
345,c,3,1,1,2004-03-25,398,1,224524,4169130,230582,4166865
345,c,3,1,1,2004-04-06,469,1,224787,4168824,230582,4166865
345,c,3,1,1,2004-04-12,652,2,224873,4169205,230582,4166865
345,c,3,1,1,2004-05-03,378,1,224887,4168796,230582,4166865
345,c,3,1,1,2004-05-09,562,2,224006,4168451,230582,4166865
345,c,3,1,1,2004-05-21,455,1,224680,4169014,230582,4166865
345,c,3,1,1,2004-05-25,459,1,224661,4166606,230582,4166865
345,c,3,1,1,2004-06-21,486,1,225223,4166464,230582,4166865
345,c,3,1,1,2004-07-02,351,1,224660,4166768,230582,4166865
345,c,3,1,1,2004-07-12,655,2,224391,4168514,230582,4166865
345,c,3,1,1,2004-07-24,519,2,224893,4168901,230582,4166865
345,c,3,1,1,2004-07-27,522,2,224814,4169104,230582,4166865
345,c,3,1,1,2004-08-06,473,1,224786,4168758,230582,4166865
345,c,3,1,1,2004-08-07,503,2,224289,4167569,230582,4166865
345,c,3,1,1,2004-08-08,534,2,224470,4168526,230582,4166865
345,c,3,1,1,2004-08-28,554,2,224816,4168128,230582,4166865
345,c,3,1,1,2004-09-13,570,2,224196,4168408,230582,4166865
345,c,3,1,1,2004-09-25,582,2,224564,4169070,230582,4166865
345,c,3,1,1,2004-10-02,354,1,224690,4169064,230582,4166865
345,c,3,1,1,2004-10-11,628,2,224756,4168829,230582,4166865
345,c,3,1,1,2004-10-23,610,2,224491,4168759,230582,4166865
345,c,3,1,1,2004-11-09,568,2,223880,4168244,230582,4166865
345,c,3,1,1,2004-11-15,633,2,224402,4168643,230582,4166865
345,c,3,1,1,2004-11-24,642,2,224461,4168218,230582,4166865
345,c,3,1,1,2004-12-04,416,1,224521,4168864,230582,4166865
345,c,3,1,1,2004-12-05,446,1,224212,4167701,230582,4166865
345,c,3,1,1,2004-12-13,661,2,224356,4169371,230582,4166865
345,c,3,1,1,2004-12-28,676,2,224182,4169081,230582,4166865
345,c,3,1,1,2005-01-16,695,2,225576,4168852,230582,4166865
345,c,3,1,1,2005-01-29,708,2,224348,4168642,230582,4166865
345,c,3,1,1,2005-02-02,712,2,224387,4168513,230582,4166865
345,c,3,1,1,2005-02-13,723,2,224387,4168513,230582,4166865
345,c,3,1,1,2005-02-16,726,2,224848,4168365,230582,4166865
345,c,3,1,1,2005-02-21,731,2,224679,4168637,230582,4166865
345,c,3,1,1,2005-03-05,802,2,224525,4168687,230582,4166865
345,c,3,1,1,2005-03-19,757,2,224614,4168678,230582,4166865
345,c,3,1,1,2005-03-23,761,2,224567,4168683,230582,4166865
345,c,3,1,1,2005-03-29,767,2,225076,4168701,230582,4166865
345,c,3,1,1,2005-05-14,813,2,225148,4168482,230582,4166865
345,c,3,1,1,2005-05-23,822,2,225146,4168479,230582,4166865
345,c,3,1,1,2005-08-01,687,2,224445,4168666,230582,4166865
345,c,3,1,1,2005-09-04,778,2,225357,4168440,230582,4166865
345,c,3,1,1,2005-12-03,750,2,225659,4168747,230582,4166865
345,c,3,1,1,2006-02-07,1227,2,225733,4169556,230582,4166865
345,c,3,1,1,2006-04-06,1199,2,225023,4168930,230582,4166865
345,c,3,1,1,2006-04-09,1291,2,225166,4169537,230582,4166865
345,c,3,1,1,2006-06-18,1213,2,224639,4167537,230582,4166865
345,c,3,1,1,2006-06-27,1222,2,225733,4169556,230582,4166865
345,c,3,1,1,2006-07-25,1250,2,224744,4169030,230582,4166865
345,c,3,1,1,2006-08-22,1278,2,224744,4169030,230582,4166865
345,c,3,1,1,2006-10-06,1205,2,225223,4168414,230582,4166865
365,k,4,1,1,2003-03-10,194,1,229432,4164513,230893,4169179
365,k,4,1,1,2003-05-11,227,1,229295,4164835,230893,4169179
365,k,4,1,1,2003-09-13,174,1,229349,4166158,230893,4169179
365,k,4,1,1,2003-10-10,201,1,229168,4164423,230893,4169179
365,k,4,1,1,2003-10-15,206,1,231222,4164040,230893,4169179
365,k,4,1,1,2003-10-19,210,1,229097,4164298,230893,4169179
365,k,4,1,1,2003-10-26,217,1,229456,4163588,230893,4169179
365,k,4,1,1,2003-11-14,236,1,229287,4164826,230893,4169179
365,k,4,1,1,2003-11-26,248,1,229139,4164041,230893,4169179
365,k,4,1,1,2003-12-14,266,1,229012,4164288,230893,4169179
365,k,4,1,1,2003-12-28,280,1,229395,4164526,230893,4169179
365,k,4,1,1,2004-01-06,436,2,228574,4163795,230893,4169179
365,k,4,1,1,2004-02-10,559,2,227944,4163749,230893,4169179
365,k,4,1,1,2004-02-19,333,1,228517,4164519,230893,4169179
365,k,4,1,1,2004-02-25,339,1,228705,4163763,230893,4169179
365,k,4,1,1,2004-03-05,407,2,228447,4164428,230893,4169179
365,k,4,1,1,2004-03-09,530,2,227889,4163515,230893,4169179
365,k,4,1,1,2004-03-17,360,1,228529,4163881,230893,4169179
365,k,4,1,1,2004-03-24,367,1,227907,4164539,230893,4169179
365,k,4,1,1,2004-03-29,372,1,228611,4163328,230893,4169179
365,k,4,1,1,2004-04-01,287,1,228342,4163769,230893,4169179
365,k,4,1,1,2004-04-23,397,2,228505,4163642,230893,4169179
365,k,4,1,1,2004-04-26,400,2,228357,4163588,230893,4169179
365,k,4,1,1,2004-05-04,379,1,228183,4164797,230893,4169179
365,k,4,1,1,2004-05-21,425,2,228534,4163519,230893,4169179
365,k,4,1,1,2004-05-25,429,2,228248,4163337,230893,4169179
365,k,4,1,1,2004-06-07,471,2,228404,4163088,230893,4169179
365,k,4,1,1,2004-06-21,456,2,228651,4163804,230893,4169179
365,k,4,1,1,2004-06-28,463,2,228354,4163861,230893,4169179
365,k,4,1,1,2004-07-02,321,1,228471,4163723,230893,4169179
365,k,4,1,1,2004-07-24,489,2,227941,4163220,230893,4169179
365,k,4,1,1,2004-08-06,443,2,228696,4164035,230893,4169179
365,k,4,1,1,2004-08-08,504,2,227896,4163256,230893,4169179
365,k,4,1,1,2004-08-17,513,2,228324,4163149,230893,4169179
365,k,4,1,1,2004-08-28,524,2,227433,4163973,230893,4169179
365,k,4,1,1,2004-09-10,566,2,227781,4163489,230893,4169179
365,k,4,1,1,2004-09-18,545,2,227626,4164078,230893,4169179
365,k,4,1,1,2004-09-25,552,2,227981,4164678,230893,4169179
365,k,4,1,1,2004-10-03,353,1,228368,4164518,230893,4169179
365,k,4,1,1,2004-10-17,574,2,228124,4163547,230893,4169179
365,k,4,1,1,2004-10-26,583,2,228799,4163446,230893,4169179
365,k,4,1,1,2004-11-09,538,2,228016,4163976,230893,4169179
365,k,4,1,1,2004-12-04,386,2,228634,4164070,230893,4169179
365,k,4,1,1,2004-12-05,416,2,228068,4163849,230893,4169179
365,k,4,1,1,2004-12-07,477,2,228273,4163572,230893,4169179
383,q,8,2,4,2006-04-08,141,1,231675,4164421,231065,4166634
383,q,8,2,4,2006-09-24,192,1,239826,4168467,231065,4166634
383,q,8,2,4,2006-09-28,196,1,239545,4168331,231065,4166634
383,q,8,2,4,2006-12-10,210,1,240792,4171365,231065,4166634
383,q,8,2,4,2007-08-02,329,1,234804,4162260,231065,4166634
385,q,8,2,1,2003-03-10,170,1,224763,4165435,231065,4166634
385,q,8,2,1,2003-05-11,203,1,227544,4164099,231065,4166634
385,q,8,2,1,2003-09-19,156,1,227232,4165041,231065,4166634
385,q,8,2,1,2003-09-24,161,1,227589,4164285,231065,4166634
385,q,8,2,1,2003-10-15,182,1,225970,4166896,231065,4166634
385,q,8,2,1,2003-10-19,186,1,228440,4164680,231065,4166634
385,q,8,2,1,2003-10-26,193,1,228306,4164960,231065,4166634
385,q,8,2,1,2003-11-16,214,1,227491,4164133,231065,4166634
385,q,8,2,1,2003-11-26,224,1,228233,4163219,231065,4166634
385,q,8,2,1,2003-12-14,242,1,227477,4164026,231065,4166634
385,q,8,2,1,2003-12-28,256,1,228174,4163378,231065,4166634
385,q,8,2,1,2004-01-27,286,1,226314,4164958,231065,4166634
385,q,8,2,1,2004-02-10,535,2,226341,4164423,231065,4166634
385,q,8,2,1,2004-02-19,309,2,227038,4163100,231065,4166634
385,q,8,2,1,2004-02-25,315,2,225624,4164863,231065,4166634
385,q,8,2,1,2004-03-05,383,2,225863,4164842,231065,4166634
385,q,8,2,1,2004-03-07,444,2,226302,4164741,231065,4166634
385,q,8,2,1,2004-03-11,567,2,226399,4165410,231065,4166634
385,q,8,2,1,2004-03-17,336,2,225900,4164735,231065,4166634
385,q,8,2,1,2004-03-24,343,2,226252,4165095,231065,4166634
385,q,8,2,1,2004-03-29,348,2,225405,4165340,231065,4166634
385,q,8,2,1,2004-04-02,294,1,227602,4168154,231065,4166634
385,q,8,2,1,2004-04-23,373,2,226202,4164657,231065,4166634
385,q,8,2,1,2004-04-26,376,2,225700,4165332,231065,4166634
385,q,8,2,1,2004-05-03,324,2,226212,4164377,231065,4166634
385,q,8,2,1,2004-05-09,508,2,226201,4165009,231065,4166634
385,q,8,2,1,2004-05-21,401,2,225707,4165332,231065,4166634
385,q,8,2,1,2004-05-25,405,2,225332,4164173,231065,4166634
385,q,8,2,1,2004-06-07,447,2,225934,4165578,231065,4166634
385,q,8,2,1,2004-06-14,425,2,226292,4165079,231065,4166634
385,q,8,2,1,2004-06-21,432,2,226151,4165209,231065,4166634
385,q,8,2,1,2004-07-02,297,2,225433,4164871,231065,4166634
385,q,8,2,1,2004-07-12,601,2,224265,4161288,231065,4166634
385,q,8,2,1,2004-07-24,465,2,226169,4164889,231065,4166634
385,q,8,2,1,2004-07-27,468,2,226172,4164891,231065,4166634
385,q,8,2,1,2004-08-06,419,2,225610,4165565,231065,4166634
385,q,8,2,1,2004-08-17,489,2,226255,4164665,231065,4166634
385,q,8,2,1,2004-08-28,500,2,226263,4164733,231065,4166634
385,q,8,2,1,2004-09-09,512,2,226309,4165390,231065,4166634
385,q,8,2,1,2004-09-25,528,2,226377,4165026,231065,4166634
385,q,8,2,1,2004-10-03,329,2,225545,4165516,231065,4166634
385,q,8,2,1,2004-10-11,574,2,226297,4165047,231065,4166634
385,q,8,2,1,2004-10-17,550,2,226206,4164752,231065,4166634
385,q,8,2,1,2004-10-26,559,2,226192,4164907,231065,4166634
385,q,8,2,1,2004-11-19,583,2,226169,4164907,231065,4166634
385,q,8,2,1,2004-11-24,588,2,226126,4164404,231065,4166634
385,q,8,2,1,2004-11-30,594,2,225251,4164221,231065,4166634
385,q,8,2,1,2004-12-04,362,2,226286,4165739,231065,4166634
385,q,8,2,1,2004-12-05,392,2,225646,4164465,231065,4166634
385,q,8,2,1,2004-12-07,453,2,226922,4165220,231065,4166634
385,q,8,2,1,2004-12-26,620,2,225006,4164206,231065,4166634
385,q,8,2,1,2004-12-28,622,2,224952,4164392,231065,4166634
385,q,8,2,1,2005-01-14,639,2,225107,4164068,231065,4166634
385,q,8,2,1,2005-01-21,646,2,224801,4163950,231065,4166634
385,q,8,2,1,2005-01-25,650,2,224984,4164110,231065,4166634
385,q,8,2,1,2005-02-02,658,2,224900,4164171,231065,4166634
385,q,8,2,1,2005-02-15,671,2,224900,4164171,231065,4166634
385,q,8,2,1,2005-02-21,677,2,225007,4164281,231065,4166634
385,q,8,2,1,2005-08-01,633,2,224981,4164212,231065,4166634
385,q,8,2,1,2005-11-02,667,2,224913,4164161,231065,4166634
408,s,9,1,2,2004-03-11,225,1,228643,4164553,229748,4164959
408,s,9,1,2,2004-07-12,259,1,228178,4164676,229748,4164959
408,s,9,1,2,2004-10-11,232,1,228795,4164437,229748,4164959
408,s,9,1,2,2004-10-31,222,1,231548,4163952,229748,4164959
408,s,9,1,2,2004-11-15,237,1,227093,4164709,229748,4164959
408,s,9,1,2,2004-11-24,246,1,228235,4164514,229748,4164959
408,s,9,1,2,2004-11-30,252,1,227178,4164642,229748,4164959
408,s,9,1,2,2004-12-13,265,1,228001,4163959,229748,4164959
408,s,9,1,2,2004-12-22,274,1,228289,4164053,229748,4164959
408,s,9,1,2,2004-12-28,280,1,228550,4163639,229748,4164959
408,s,9,1,2,2005-01-03,343,1,228327,4163771,229748,4164959
408,s,9,1,2,2005-01-16,299,1,228439,4163670,229748,4164959
408,s,9,1,2,2005-01-21,304,1,228356,4163671,229748,4164959
408,s,9,1,2,2005-01-25,308,1,227861,4163815,229748,4164959
408,s,9,1,2,2005-02-15,329,1,228509,4163749,229748,4164959
408,s,9,1,2,2005-02-23,337,1,227857,4163279,229748,4164959
408,s,9,1,2,2005-03-05,406,2,228316,4163915,229748,4164959
408,s,9,1,2,2005-03-19,361,1,227245,4163555,229748,4164959
408,s,9,1,2,2005-03-23,365,2,227395,4163740,229748,4164959
408,s,9,1,2,2005-04-06,438,2,227381,4163691,229748,4164959
408,s,9,1,2,2005-05-02,319,1,228240,4163299,229748,4164959
408,s,9,1,2,2005-05-14,417,2,228039,4163987,229748,4164959
408,s,9,1,2,2005-05-23,426,2,227745,4163798,229748,4164959
408,s,9,1,2,2005-06-18,452,2,228479,4163867,229748,4164959
408,s,9,1,2,2005-06-24,458,2,228795,4163453,229748,4164959
408,s,9,1,2,2005-07-31,495,2,227814,4164172,229748,4164959
408,s,9,1,2,2005-08-01,291,1,227416,4163777,229748,4164959
408,s,9,1,2,2005-08-22,517,2,227471,4164288,229748,4164959
408,s,9,1,2,2005-08-30,525,2,227971,4163512,229748,4164959
408,s,9,1,2,2005-09-04,382,2,227131,4163574,229748,4164959
408,s,9,1,2,2005-09-07,473,2,227551,4164222,229748,4164959
408,s,9,1,2,2005-11-02,325,1,228840,4164166,229748,4164959
408,s,9,1,2,2005-11-03,353,1,228721,4164489,229748,4164959
408,s,9,1,2,2005-12-07,476,2,228181,4164011,229748,4164959
408,s,9,1,2,2005-12-08,507,2,227975,4163338,229748,4164959
416,u,11,1,3,2005-03-09,173,1,231357,4166156,233184,4166875
416,u,11,1,3,2005-06-09,176,1,232183,4166702,233184,4166875
416,u,11,1,3,2005-08-29,168,1,232497,4166034,233184,4166875
416,u,11,1,3,2005-11-27,258,1,232711,4165973,233184,4166875
416,u,11,1,3,2005-12-19,280,1,228577,4168364,233184,4166875
416,u,11,1,3,2005-12-28,289,1,228483,4168664,233184,4166875
416,u,11,1,3,2006-01-21,313,1,227505,4167884,233184,4166875
416,u,11,1,3,2006-01-26,318,1,228176,4168346,233184,4166875
416,u,11,1,3,2006-02-01,294,1,225359,4169564,233184,4166875
416,u,11,1,3,2006-02-18,341,1,228519,4166736,233184,4166875
416,u,11,1,3,2006-05-13,425,1,227033,4167216,233184,4166875
416,u,11,1,3,2006-05-20,432,1,227963,4168071,233184,4166875
416,u,11,1,3,2006-05-28,440,1,226034,4167487,233184,4166875
416,u,11,1,3,2006-11-01,303,1,226926,4169141,233184,4166875
445,s,9,2,2,2004-02-10,206,1,224856,4166279,229748,4164959
445,s,9,2,2,2004-07-09,181,1,226203,4164170,229748,4164959
445,s,9,2,2,2004-09-10,213,2,224498,4165641,229748,4164959
445,s,9,2,2,2004-09-13,187,1,224553,4166089,229748,4164959
445,s,9,2,2,2004-09-23,197,1,224827,4166168,229748,4164959
445,s,9,2,2,2004-10-17,221,2,224176,4165557,229748,4164959
445,s,9,2,2,2004-10-20,224,2,225083,4165785,229748,4164959
445,s,9,2,2,2004-10-26,230,2,225763,4165046,229748,4164959
445,s,9,2,2,2004-11-15,250,2,224435,4167372,229748,4164959
445,s,9,2,2,2004-11-24,259,2,224061,4168151,229748,4164959
445,s,9,2,2,2004-11-30,265,2,225030,4166020,229748,4164959
445,s,9,2,2,2004-12-11,247,2,225017,4166593,229748,4164959
454,s,9,1,4,2006-03-09,179,1,227285,4166451,229748,4164959
454,s,9,1,4,2006-05-09,181,1,230864,4164540,229748,4164959
454,s,9,1,4,2006-08-09,184,1,231797,4166329,229748,4164959
454,s,9,1,4,2006-08-15,160,1,229926,4164776,229748,4164959
454,s,9,1,4,2006-08-22,167,1,229531,4164227,229748,4164959
454,s,9,1,4,2006-08-25,170,1,227044,4163543,229748,4164959
454,s,9,1,4,2006-08-27,172,1,229984,4164770,229748,4164959
454,s,9,1,4,2006-08-29,174,1,229443,4164046,229748,4164959
454,s,9,1,4,2006-09-14,190,1,232797,4165950,229748,4164959
454,s,9,1,4,2006-09-20,196,1,232015,4165506,229748,4164959
454,s,9,1,4,2006-09-28,204,1,231818,4166207,229748,4164959
454,s,9,1,4,2006-10-08,155,1,229817,4164844,229748,4164959
454,s,9,1,4,2006-12-10,218,1,233369,4164582,229748,4164959
464,s,9,1,1,2003-05-11,237,1,227656,4161928,229748,4164959
464,s,9,1,1,2003-10-10,211,1,229606,4162103,229748,4164959
464,s,9,1,1,2003-10-15,216,1,230957,4162741,229748,4164959
464,s,9,1,1,2003-10-19,220,1,228440,4162567,229748,4164959
464,s,9,1,1,2003-11-14,246,1,228837,4162673,229748,4164959
464,s,9,1,1,2003-11-26,258,1,228488,4162893,229748,4164959
464,s,9,1,1,2003-12-14,276,1,228562,4162565,229748,4164959
464,s,9,1,1,2004-01-13,306,1,229000,4164361,229748,4164959
464,s,9,1,1,2004-01-27,320,1,229880,4163510,229748,4164959
464,s,9,1,1,2004-02-10,569,2,229861,4163326,229748,4164959
464,s,9,1,1,2004-02-28,352,1,229729,4163272,229748,4164959
464,s,9,1,1,2004-03-17,370,2,227076,4163347,229748,4164959
464,s,9,1,1,2004-03-24,377,2,229623,4163345,229748,4164959
464,s,9,1,1,2004-03-29,382,2,227898,4163542,229748,4164959
464,s,9,1,1,2004-04-02,328,1,227971,4161033,229748,4164959
464,s,9,1,1,2004-04-12,632,2,229826,4163594,229748,4164959
464,s,9,1,1,2004-04-23,407,2,228130,4161726,229748,4164959
464,s,9,1,1,2004-04-26,410,2,228157,4161421,229748,4164959
464,s,9,1,1,2004-05-01,298,1,231128,4162283,229748,4164959
464,s,9,1,1,2004-05-03,358,2,228187,4163687,229748,4164959
464,s,9,1,1,2004-05-09,542,2,230193,4163107,229748,4164959
464,s,9,1,1,2004-05-21,435,2,228388,4162141,229748,4164959
464,s,9,1,1,2004-05-25,439,2,229847,4163407,229748,4164959
464,s,9,1,1,2004-06-11,604,2,229795,4163198,229748,4164959
464,s,9,1,1,2004-06-21,466,2,229740,4163336,229748,4164959
464,s,9,1,1,2004-06-28,473,2,230416,4163410,229748,4164959
464,s,9,1,1,2004-07-04,391,2,227801,4163709,229748,4164959
464,s,9,1,1,2004-07-27,502,2,229865,4163406,229748,4164959
464,s,9,1,1,2004-08-06,453,2,229817,4163305,229748,4164959
464,s,9,1,1,2004-08-07,483,2,228446,4162073,229748,4164959
464,s,9,1,1,2004-08-17,523,2,229839,4163367,229748,4164959
464,s,9,1,1,2004-08-28,534,2,229952,4163412,229748,4164959
464,s,9,1,1,2004-09-10,576,2,229856,4163280,229748,4164959
464,s,9,1,1,2004-09-17,554,2,229934,4163647,229748,4164959
464,s,9,1,1,2004-09-25,562,2,230060,4163286,229748,4164959
464,s,9,1,1,2004-10-02,334,1,227608,4161452,229748,4164959
464,s,9,1,1,2004-10-14,581,2,229913,4163264,229748,4164959
464,s,9,1,1,2004-10-24,591,2,229913,4163253,229748,4164959
464,s,9,1,1,2004-10-28,595,2,229909,4163264,229748,4164959
464,s,9,1,1,2004-11-09,548,2,229586,4163059,229748,4164959
464,s,9,1,1,2004-11-14,612,2,229842,4163343,229748,4164959
464,s,9,1,1,2004-11-19,617,2,229842,4163343,229748,4164959
464,s,9,1,1,2004-11-27,625,2,230019,4163317,229748,4164959
464,s,9,1,1,2004-12-04,396,2,229728,4163404,229748,4164959
464,s,9,1,1,2004-12-05,426,2,229775,4163373,229748,4164959
464,s,9,1,1,2004-12-07,487,2,229854,4163472,229748,4164959
464,s,9,1,1,2004-12-14,642,2,229866,4163444,229748,4164959
464,s,9,1,1,2004-12-22,650,2,229754,4163365,229748,4164959
464,s,9,1,1,2004-12-28,656,2,229743,4163342,229748,4164959
464,s,9,1,1,2005-01-16,675,2,229797,4163449,229748,4164959
464,s,9,1,1,2005-01-21,680,2,229843,4163491,229748,4164959
464,s,9,1,1,2005-01-29,688,2,229855,4163419,229748,4164959
464,s,9,1,1,2005-05-15,794,2,229955,4163371,229748,4164959
464,s,9,1,1,2005-08-01,667,2,229743,4163342,229748,4164959
503,a,1,1,5,2007-03-08,184,1,228647,4164974,229970,4166821
503,a,1,1,5,2007-03-10,245,2,226188,4164907,229970,4166821
503,a,1,1,5,2007-06-09,218,1,227366,4167550,229970,4166821
503,a,1,1,5,2007-07-11,280,2,226340,4164198,229970,4166821
503,a,1,1,5,2007-07-25,175,1,228424,4164298,229970,4166821
503,a,1,1,5,2007-08-15,196,1,227306,4166920,229970,4166821
503,a,1,1,5,2007-08-25,206,1,225917,4166158,229970,4166821
503,a,1,1,5,2007-08-30,211,1,227489,4167147,229970,4166821
503,a,1,1,5,2007-09-16,228,1,226119,4165656,229970,4166821
503,a,1,1,5,2007-09-22,234,1,225553,4166295,229970,4166821
503,a,1,1,5,2007-09-27,239,2,228361,4165121,229970,4166821
503,a,1,1,5,2007-10-08,191,1,227609,4166096,229970,4166821
503,a,1,1,5,2007-10-18,260,2,227254,4165611,229970,4166821
503,a,1,1,5,2007-10-31,273,2,227214,4164419,229970,4166821
503,a,1,1,5,2007-11-10,253,2,226300,4164832,229970,4166821
503,a,1,1,5,2007-11-17,290,2,226412,4164894,229970,4166821
513,b,2,2,3,2005-01-09,169,1,228313,4164998,231560,4165831
513,b,2,2,3,2005-02-09,170,1,227088,4163882,231560,4165831
513,b,2,2,3,2005-03-10,201,2,226992,4163693,231560,4165831
513,b,2,2,3,2005-03-12,262,2,227392,4163709,231560,4165831
513,b,2,2,3,2005-04-09,172,1,227323,4164094,231560,4165831
513,b,2,2,3,2005-06-09,174,1,229353,4166036,231560,4165831
513,b,2,2,3,2005-07-12,266,2,227108,4163624,231560,4165831
513,b,2,2,3,2005-09-13,181,2,231790,4163143,231560,4165831
513,b,2,2,3,2005-09-26,194,2,228609,4164718,231560,4165831
513,b,2,2,3,2005-10-21,219,2,228382,4164120,231560,4165831
513,b,2,2,3,2005-10-29,227,2,228124,4164808,231560,4165831
513,b,2,2,3,2005-11-17,246,2,227278,4163502,231560,4165831
513,b,2,2,3,2005-12-12,271,2,228033,4164409,231560,4165831
513,b,2,2,3,2005-12-19,278,2,228517,4163740,231560,4165831
513,b,2,2,3,2006-01-18,308,2,228471,4164106,231560,4165831
513,b,2,2,3,2006-01-26,316,2,228690,4164003,231560,4165831
513,b,2,2,3,2006-02-01,292,2,228654,4164519,231560,4165831
513,b,2,2,3,2006-02-22,343,2,228513,4163954,231560,4165831
513,b,2,2,3,2006-03-04,383,2,233086,4165784,231560,4165831
513,b,2,2,3,2006-03-25,374,2,233086,4165784,231560,4165831
513,b,2,2,3,2006-04-02,325,2,228383,4163969,231560,4165831
513,b,2,2,3,2006-04-08,506,2,227500,4163945,231560,4165831
513,b,2,2,3,2006-04-14,394,2,227546,4164712,231560,4165831
513,b,2,2,3,2006-04-23,403,2,228520,4164716,231560,4165831
513,b,2,2,3,2006-04-28,408,2,227546,4164712,231560,4165831
513,b,2,2,3,2006-05-03,354,2,228669,4164446,231560,4165831
513,b,2,2,3,2006-05-13,423,2,227357,4163555,231560,4165831
513,b,2,2,3,2006-05-20,430,2,227742,4165312,231560,4165831
513,b,2,2,3,2006-05-28,438,2,227243,4163723,231560,4165831
513,b,2,2,3,2006-05-31,441,2,228630,4164021,231560,4165831
513,b,2,2,3,2006-06-05,416,2,228294,4164605,231560,4165831
513,b,2,2,3,2006-06-17,458,2,228562,4164624,231560,4165831
513,b,2,2,3,2006-06-21,462,2,226971,4164983,231560,4165831
513,b,2,2,3,2006-07-15,486,2,228506,4164268,231560,4165831
513,b,2,2,3,2006-07-22,493,2,228152,4164893,231560,4165831
513,b,2,2,3,2006-07-29,500,2,228022,4165076,231560,4165831
513,b,2,2,3,2006-08-15,517,2,227168,4164199,231560,4165831
513,b,2,2,3,2006-09-07,480,2,227852,4164457,231560,4165831
513,b,2,2,3,2006-10-06,451,2,228529,4163572,231560,4165831
513,b,2,2,3,2006-12-03,361,2,228558,4164344,231560,4165831
513,b,2,2,3,2007-04-22,767,2,227651,4167993,231560,4165831
513,b,2,2,3,2007-06-05,781,2,227591,4168173,231560,4165831
564,k,5,2,2,2004-03-10,212,1,225065,4164488,230893,4169179
564,k,5,2,2,2004-07-12,277,1,224848,4163857,230893,4169179
564,k,5,2,2,2004-09-10,218,1,224692,4164054,230893,4169179
564,k,5,2,2,2004-10-11,250,1,224424,4163873,230893,4169179
564,k,5,2,2,2004-10-17,226,1,224154,4165001,230893,4169179
564,k,5,2,2,2004-10-20,229,1,224111,4164984,230893,4169179
564,k,5,2,2,2004-11-15,255,1,224717,4164201,230893,4169179
564,k,5,2,2,2004-11-24,264,1,224795,4165247,230893,4169179
564,k,5,2,2,2004-12-18,288,1,225559,4162482,230893,4169179
564,k,5,2,2,2005-01-01,302,1,223070,4166106,230893,4169179
564,k,5,2,2,2005-01-21,322,1,224349,4161947,230893,4169179
564,k,5,2,2,2005-01-25,326,1,225902,4162097,230893,4169179
564,k,5,2,2,2005-02-02,334,1,223992,4166125,230893,4169179
564,k,5,2,2,2005-02-13,345,1,224377,4165735,230893,4169179
564,k,5,2,2,2005-02-15,347,1,223684,4164912,230893,4169179
564,k,5,2,2,2005-03-19,379,1,221865,4169130,230893,4169179
564,k,5,2,2,2005-03-23,383,1,221719,4164477,230893,4169179
564,k,5,2,2,2005-03-29,389,1,221821,4166638,230893,4169179
564,k,5,2,2,2005-12-03,372,1,222041,4162341,230893,4169179
575,h,4,1,3,2005-03-09,195,1,228357,4168981,236198,4168709
575,h,4,1,3,2005-03-10,225,1,228748,4167614,236198,4168709
575,h,4,1,3,2005-03-12,286,1,229666,4167548,236198,4168709
575,h,4,1,3,2005-06-09,198,1,227953,4168387,236198,4168709
575,h,4,1,3,2005-07-09,199,1,228102,4168330,236198,4168709
575,h,4,1,3,2005-07-12,290,1,229543,4166950,236198,4168709
575,h,4,1,3,2005-08-13,174,1,228635,4168705,236198,4168709
575,h,4,1,3,2005-08-16,177,1,230225,4166797,236198,4168709
575,h,4,1,3,2005-08-18,179,1,230455,4167123,236198,4168709
575,h,4,1,3,2005-08-22,183,1,230373,4167166,236198,4168709
575,h,4,1,3,2005-08-30,191,1,228596,4168754,236198,4168709
575,h,4,1,3,2005-09-08,170,1,232099,4165958,236198,4168709
575,h,4,1,3,2005-09-20,212,1,228600,4167880,236198,4168709
575,h,4,1,3,2005-09-26,218,1,229927,4166670,236198,4168709
575,h,4,1,3,2005-10-18,240,1,229078,4167724,236198,4168709
575,h,4,1,3,2005-11-17,270,1,229501,4166970,236198,4168709
575,h,4,1,3,2005-11-27,280,1,229050,4166910,236198,4168709
575,h,4,1,3,2005-12-08,173,1,230007,4167119,236198,4168709
575,h,4,1,3,2005-12-10,234,1,228820,4168156,236198,4168709
575,h,4,1,3,2005-12-12,295,1,228701,4167591,236198,4168709
575,h,4,1,3,2005-12-19,302,1,229283,4167629,236198,4168709
575,h,4,1,3,2006-01-26,340,1,229142,4165585,236198,4168709
575,h,4,1,3,2006-02-01,316,1,229728,4167163,236198,4168709
575,h,4,1,3,2006-02-22,367,1,228989,4165429,236198,4168709
575,h,4,1,3,2006-04-02,349,1,231614,4167687,236198,4168709
575,h,4,1,3,2006-07-01,321,1,229489,4167574,236198,4168709
575,h,4,1,3,2006-11-01,325,1,229234,4167358,236198,4168709
575,h,4,1,3,2006-11-02,356,1,228868,4166562,236198,4168709
584,a,1,2,3,2005-01-09,185,1,227585,4165180,229970,4166821
584,a,1,2,3,2005-07-09,191,1,226170,4164867,229970,4166821
584,a,1,2,3,2005-08-14,167,1,224949,4165948,229970,4166821
584,a,1,2,3,2005-08-27,180,1,226197,4165198,229970,4166821
584,a,1,2,3,2005-08-30,183,1,226670,4163784,229970,4166821
584,a,1,2,3,2005-09-17,201,1,227145,4164613,229970,4166821
584,a,1,2,3,2005-09-22,206,1,226340,4164066,229970,4166821
584,a,1,2,3,2005-09-26,210,1,227079,4164148,229970,4166821
584,a,1,2,3,2005-12-08,165,1,227205,4166496,229970,4166821
623,o,7,1,4,2006-11-18,262,1,244046,4164256,223292,4159971
623,o,7,1,4,2006-11-26,270,1,242029,4165654,223292,4159971
623,o,7,1,4,2006-11-29,273,1,243938,4163477,223292,4159971
623,o,7,1,4,2007-02-28,364,1,244078,4156652,223292,4159971
623,o,7,1,4,2007-03-06,459,1,242286,4159155,223292,4159971
623,o,7,1,4,2007-04-01,309,1,234210,4164867,223292,4159971
623,o,7,1,4,2007-04-22,417,1,244833,4156114,223292,4159971
623,o,7,1,4,2007-06-05,431,1,245008,4155755,223292,4159971
623,o,7,1,4,2007-10-03,374,1,244078,4156652,223292,4159971
635,b,2,1,5,2007-08-12,276,2,225142,4156723,231560,4165831
635,b,2,1,5,2007-08-15,161,1,231364,4166229,231560,4165831
635,b,2,1,5,2007-08-25,171,1,229200,4165116,231560,4165831
635,b,2,1,5,2007-08-30,176,1,227044,4167393,231560,4165831
635,b,2,1,5,2007-09-22,199,1,228109,4164114,231560,4165831
635,b,2,1,5,2007-09-27,204,1,225287,4158369,231560,4165831
635,b,2,1,5,2007-10-26,233,1,228600,4163124,231560,4165831
635,b,2,1,5,2008-02-10,575,2,224550,4166195,231560,4165831
635,b,2,1,5,2008-07-29,510,2,224595,4166286,231560,4165831
635,b,2,1,5,2008-08-29,541,2,221795,4160392,231560,4165831
635,b,2,1,5,2008-12-09,555,2,224595,4166286,231560,4165831
645,aw,15,1,5,2007-08-12,282,1,227901,4156110,243111,4170001
645,aw,15,1,5,2007-10-18,231,1,241348,4170012,243111,4170001
645,aw,15,1,5,2007-10-26,239,1,241796,4167229,243111,4170001
645,aw,15,1,5,2007-11-11,255,1,237423,4160145,243111,4170001
645,aw,15,1,5,2007-11-17,261,1,232725,4159373,243111,4170001
645,aw,15,1,5,2007-11-30,274,1,237423,4160145,243111,4170001
645,aw,15,1,5,2007-12-10,225,1,243309,4169954,243111,4170001
645,aw,15,1,5,2007-12-22,296,1,232368,4152836,243111,4170001
645,aw,15,1,5,2008-01-15,320,1,235531,4159161,243111,4170001
645,aw,15,1,5,2008-01-25,330,1,229555,4160212,243111,4170001
645,aw,15,1,5,2008-10-05,436,1,235741,4160745,243111,4170001
662,b,2,1,5,2007-03-10,208,1,227230,4163944,231560,4165831
662,b,2,1,5,2007-07-11,243,1,227684,4167102,231560,4165831
662,b,2,1,5,2007-09-16,191,1,223510,4162039,231560,4165831
662,b,2,1,5,2007-09-22,197,1,229986,4164050,231560,4165831
662,b,2,1,5,2007-09-27,202,1,228280,4164615,231560,4165831
662,b,2,1,5,2007-10-18,223,1,227781,4167530,231560,4165831
662,b,2,1,5,2007-10-26,231,1,228506,4169458,231560,4165831
662,b,2,1,5,2007-10-31,236,1,230636,4169781,231560,4165831
662,b,2,1,5,2007-11-17,253,1,228741,4165684,231560,4165831
662,b,2,1,5,2007-11-30,266,1,229756,4165030,231560,4165831
662,b,2,1,5,2007-12-22,288,1,228625,4168484,231560,4165831
662,b,2,1,5,2008-01-15,312,1,228525,4168868,231560,4165831
662,b,2,1,5,2008-01-25,322,1,227706,4164887,231560,4165831
662,b,2,1,5,2008-02-10,573,1,227758,4166660,231560,4165831
662,b,2,1,5,2008-02-22,350,1,227017,4165236,231560,4165831
662,b,2,1,5,2008-07-28,507,1,227382,4166440,231560,4165831
662,b,2,1,5,2008-08-29,539,1,227291,4166190,231560,4165831
662,b,2,1,5,2008-10-18,589,1,227503,4166815,231560,4165831
662,b,2,1,5,2008-12-09,553,1,227762,4166659,231560,4165831
675,a,1,2,3,2005-03-10,199,1,228807,4167563,229970,4166821
675,a,1,2,3,2005-03-12,260,1,228771,4166724,229970,4166821
675,a,1,2,3,2005-06-09,172,1,229095,4166959,229970,4166821
675,a,1,2,3,2005-07-12,264,1,228725,4167011,229970,4166821
675,a,1,2,3,2005-08-23,158,1,228742,4167272,229970,4166821
675,a,1,2,3,2005-08-26,161,1,228380,4167334,229970,4166821
675,a,1,2,3,2005-08-30,165,1,227256,4167636,229970,4166821
675,a,1,2,3,2005-09-13,179,1,228502,4167240,229970,4166821
675,a,1,2,3,2005-09-20,186,1,228713,4168063,229970,4166821
675,a,1,2,3,2005-09-30,196,1,229551,4168119,229970,4166821
675,a,1,2,3,2005-11-17,244,1,229052,4167167,229970,4166821
675,a,1,2,3,2005-11-23,250,1,229099,4166854,229970,4166821
675,a,1,2,3,2005-12-10,208,1,228856,4166936,229970,4166821
675,a,1,2,3,2005-12-12,269,1,228672,4167426,229970,4166821
675,a,1,2,3,2005-12-19,276,1,228958,4167185,229970,4166821
675,a,1,2,3,2005-12-28,285,1,228809,4166936,229970,4166821
675,a,1,2,3,2006-01-26,314,1,228703,4167233,229970,4166821
675,a,1,2,3,2006-02-01,290,1,228822,4167641,229970,4166821
675,a,1,2,3,2006-02-25,344,2,230840,4167390,229970,4166821
675,a,1,2,3,2006-03-04,381,2,233086,4165784,229970,4166821
675,a,1,2,3,2006-03-25,372,2,233086,4165784,229970,4166821
675,a,1,2,3,2006-04-02,323,1,228875,4167428,229970,4166821
675,a,1,2,3,2006-04-14,392,2,233086,4165784,229970,4166821
675,a,1,2,3,2006-04-22,400,2,232515,4165267,229970,4166821
675,a,1,2,3,2006-11-01,299,1,228940,4167243,229970,4166821
675,a,1,2,3,2006-12-03,359,2,231932,4166217,229970,4166821
683,a,14,1,5,2007-02-08,178,1,242048,4168452,240862,4167322
683,a,14,1,5,2007-03-10,240,1,239416,4167370,240862,4167322
683,a,14,1,5,2007-06-09,213,1,239223,4168339,240862,4167322
683,a,14,1,5,2007-07-11,275,1,227683,4161727,240862,4167322
683,a,14,1,5,2007-08-12,306,1,227908,4154107,240862,4167322
683,a,14,1,5,2007-08-15,191,1,242176,4166790,240862,4167322
683,a,14,1,5,2007-08-25,201,1,238256,4167510,240862,4167322
683,a,14,1,5,2007-08-30,206,1,238082,4167127,240862,4167322
683,a,14,1,5,2007-09-13,220,1,245051,4165374,240862,4167322
683,a,14,1,5,2007-09-22,229,1,239520,4167045,240862,4167322
683,a,14,1,5,2007-09-27,234,1,239448,4167206,240862,4167322
683,a,14,1,5,2007-10-19,256,1,239485,4168882,240862,4167322
683,a,14,1,5,2007-11-17,285,1,227210,4163325,240862,4167322
683,a,14,1,5,2007-11-30,298,1,230898,4161884,240862,4167322
683,a,14,1,5,2008-01-15,344,1,227908,4154107,240862,4167322
683,a,14,1,5,2008-01-25,354,1,232471,4163474,240862,4167322
683,a,14,1,5,2008-02-16,376,2,227908,4154107,240862,4167322
683,a,14,1,5,2008-02-22,382,2,227908,4154107,240862,4167322
683,a,14,1,5,2008-03-30,419,2,227228,4147632,240862,4167322
683,a,14,1,5,2008-04-13,433,2,221201,4150902,240862,4167322
683,a,14,1,5,2008-06-13,494,2,227722,4146237,240862,4167322
683,a,14,1,5,2008-07-29,540,2,229199,4147317,240862,4167322
683,a,14,1,5,2008-08-29,571,2,227659,4146864,240862,4167322
683,a,14,1,5,2008-09-07,520,2,227722,4146237,240862,4167322
683,a,14,1,5,2008-10-05,460,2,225233,4147244,240862,4167322
683,a,14,1,5,2008-12-09,585,2,231238,4146720,240862,4167322
694,a,1,2,5,2007-03-10,245,2,227099,4163840,229970,4166821
694,a,1,2,5,2007-06-09,218,1,226478,4164232,229970,4166821
694,a,1,2,5,2007-07-28,178,1,225947,4165701,229970,4166821
694,a,1,2,5,2007-08-12,311,2,227727,4164448,229970,4166821
694,a,1,2,5,2007-08-15,196,1,226962,4164343,229970,4166821
694,a,1,2,5,2007-08-25,206,1,226632,4167353,229970,4166821
694,a,1,2,5,2007-08-30,211,1,226170,4164926,229970,4166821
694,a,1,2,5,2007-09-13,225,2,224693,4171383,229970,4166821
694,a,1,2,5,2007-09-22,234,2,227784,4167668,229970,4166821
694,a,1,2,5,2007-09-27,239,2,226502,4163715,229970,4166821
694,a,1,2,5,2007-10-08,191,1,228641,4164718,229970,4166821
694,a,1,2,5,2007-10-18,260,2,229354,4166512,229970,4166821
694,a,1,2,5,2007-10-26,268,2,229172,4166316,229970,4166821
694,a,1,2,5,2007-10-31,273,2,229061,4165334,229970,4166821
694,a,1,2,5,2007-11-11,284,2,229172,4166316,229970,4166821
694,a,1,2,5,2007-11-17,290,2,228501,4165021,229970,4166821
694,a,1,2,5,2007-11-30,303,2,226112,4165103,229970,4166821
694,a,1,2,5,2007-12-10,254,2,226926,4163908,229970,4166821
694,a,1,2,5,2007-12-15,318,2,226821,4163910,229970,4166821
694,a,1,2,5,2007-12-22,325,2,226985,4163866,229970,4166821
694,a,1,2,5,2008-02-13,378,2,227152,4164256,229970,4166821
694,a,1,2,5,2008-02-22,387,2,226966,4163765,229970,4166821
694,a,1,2,5,2008-10-05,465,2,227004,4164794,229970,4166821
712,u,11,2,3,2005-03-10,212,1,230145,4163384,233184,4166875
712,u,11,2,3,2005-03-12,273,1,231414,4159837,233184,4166875
712,u,11,2,3,2005-07-09,186,1,230221,4163730,233184,4166875
712,u,11,2,3,2005-07-12,277,1,231168,4159271,233184,4166875
712,u,11,2,3,2005-09-13,192,1,230824,4163516,233184,4166875
712,u,11,2,3,2005-09-20,199,1,230984,4163220,233184,4166875
712,u,11,2,3,2005-09-26,205,1,229817,4163372,233184,4166875
712,u,11,2,3,2005-10-09,189,1,230505,4163121,233184,4166875
712,u,11,2,3,2005-10-18,227,1,230556,4165377,233184,4166875
712,u,11,2,3,2005-11-18,258,1,231201,4159736,233184,4166875
712,u,11,2,3,2005-11-22,262,1,230924,4158667,233184,4166875
712,u,11,2,3,2005-12-10,221,1,230064,4163542,233184,4166875
712,u,11,2,3,2005-12-12,282,1,231387,4159525,233184,4166875
734,au,13,1,5,2007-02-08,180,1,229818,4164322,231357,4165684
734,au,13,1,5,2007-03-10,242,1,230085,4163897,231357,4165684
734,au,13,1,5,2007-07-11,277,2,230300,4163609,231357,4165684
734,au,13,1,5,2007-07-25,172,1,229911,4164564,231357,4165684
734,au,13,1,5,2007-08-12,308,2,230040,4163647,231357,4165684
734,au,13,1,5,2007-08-15,193,1,229769,4164523,231357,4165684
734,au,13,1,5,2007-08-25,203,1,229767,4164315,231357,4165684
734,au,13,1,5,2007-08-30,208,1,229849,4164250,231357,4165684
734,au,13,1,5,2007-09-13,222,1,230232,4164313,231357,4165684
734,au,13,1,5,2007-09-22,231,1,229825,4164177,231357,4165684
734,au,13,1,5,2007-09-27,236,1,229997,4164038,231357,4165684
734,au,13,1,5,2007-10-08,188,1,229794,4164316,231357,4165684
734,au,13,1,5,2007-10-18,257,2,230367,4163237,231357,4165684
734,au,13,1,5,2007-10-26,265,2,230286,4163876,231357,4165684
734,au,13,1,5,2007-10-31,270,2,229851,4164099,231357,4165684
734,au,13,1,5,2007-11-17,287,2,229923,4163903,231357,4165684
734,au,13,1,5,2007-11-30,300,2,230046,4163325,231357,4165684
734,au,13,1,5,2007-12-10,251,1,230078,4164049,231357,4165684
734,au,13,1,5,2007-12-15,315,2,229933,4163245,231357,4165684
734,au,13,1,5,2007-12-22,322,2,230047,4163391,231357,4165684
734,au,13,1,5,2007-12-30,330,2,230511,4163533,231357,4165684
734,au,13,1,5,2008-01-25,356,2,230249,4163712,231357,4165684
734,au,13,1,5,2008-02-10,607,2,230125,4163506,231357,4165684
734,au,13,1,5,2008-02-13,375,2,229932,4163490,231357,4165684
734,au,13,1,5,2008-02-22,384,2,230163,4163093,231357,4165684
734,au,13,1,5,2008-03-30,421,2,230504,4162742,231357,4165684
734,au,13,1,5,2008-04-13,435,2,230145,4163315,231357,4165684
734,au,13,1,5,2008-06-13,496,2,230066,4163830,231357,4165684
734,au,13,1,5,2008-07-28,541,2,229835,4163756,231357,4165684
734,au,13,1,5,2008-08-29,573,2,229936,4163736,231357,4165684
734,au,13,1,5,2008-10-05,462,2,229892,4163815,231357,4165684
734,au,13,1,5,2008-10-18,623,2,230153,4163293,231357,4165684
744,au,13,1,5,2007-03-08,179,1,225173,4166385,231357,4165684
744,au,13,1,5,2007-03-10,240,1,224297,4166268,231357,4165684
744,au,13,1,5,2007-06-09,213,1,223967,4166673,231357,4165684
744,au,13,1,5,2007-08-15,191,1,224331,4167160,231357,4165684
744,au,13,1,5,2007-08-25,201,1,223330,4166770,231357,4165684
744,au,13,1,5,2007-08-30,206,1,225153,4166214,231357,4165684
744,au,13,1,5,2007-09-13,220,1,221430,4166859,231357,4165684
744,au,13,1,5,2007-09-22,229,1,223314,4165234,231357,4165684
744,au,13,1,5,2007-09-27,234,1,224038,4166101,231357,4165684
744,au,13,1,5,2007-10-08,186,1,225097,4166566,231357,4165684
744,au,13,1,5,2007-12-10,249,1,224578,4166244,231357,4165684
744,au,13,1,5,2007-12-22,320,1,222620,4163767,231357,4165684
744,au,13,1,5,2008-01-15,344,1,222101,4163559,231357,4165684
744,au,13,1,5,2008-01-25,354,1,222620,4163767,231357,4165684
744,au,13,1,5,2008-02-13,373,2,224578,4166244,231357,4165684
744,au,13,1,5,2008-03-30,419,2,223416,4162317,231357,4165684
744,au,13,1,5,2008-07-28,539,2,222327,4163247,231357,4165684
744,au,13,1,5,2008-08-29,571,2,221861,4164072,231357,4165684
744,au,13,1,5,2008-10-18,621,2,220790,4161631,231357,4165684
744,au,13,1,5,2008-12-09,585,2,222007,4164529,231357,4165684
753,z,12,1,3,2005-09-10,209,1,224501,4166561,227434,4168368
753,z,12,1,3,2005-09-12,270,2,222498,4164640,227434,4168368
753,z,12,1,3,2005-09-17,187,1,226239,4165583,227434,4168368
753,z,12,1,3,2005-09-26,196,1,225554,4165927,227434,4168368
753,z,12,1,3,2005-10-18,218,1,226590,4165983,227434,4168368
753,z,12,1,3,2005-11-22,253,1,225137,4166426,227434,4168368
753,z,12,1,3,2005-12-10,212,1,226215,4164806,227434,4168368
753,z,12,1,3,2006-04-02,327,2,221805,4164979,227434,4168368
753,z,12,1,3,2006-05-03,356,2,221552,4164843,227434,4168368
753,z,12,1,3,2006-11-02,334,2,221805,4164979,227434,4168368
773,a,1,2,5,2007-03-10,247,1,229158,4165489,229970,4166821
773,a,1,2,5,2007-06-09,220,1,229837,4165628,229970,4166821
773,a,1,2,5,2007-07-11,282,1,230110,4165019,229970,4166821
773,a,1,2,5,2007-08-12,313,1,229626,4165425,229970,4166821
773,a,1,2,5,2007-08-15,198,1,228593,4167407,229970,4166821
773,a,1,2,5,2007-08-25,208,1,229501,4165336,229970,4166821
773,a,1,2,5,2007-08-30,213,1,228958,4165519,229970,4166821
773,a,1,2,5,2007-09-16,230,1,228095,4165277,229970,4166821
773,a,1,2,5,2007-09-22,236,1,228971,4166855,229970,4166821
773,a,1,2,5,2007-09-27,241,1,229424,4165142,229970,4166821
773,a,1,2,5,2007-10-08,193,1,228306,4165267,229970,4166821
773,a,1,2,5,2007-10-19,263,1,228825,4165711,229970,4166821
773,a,1,2,5,2007-10-26,270,1,230351,4167448,229970,4166821
773,a,1,2,5,2007-10-31,275,1,229511,4165906,229970,4166821
773,a,1,2,5,2007-11-10,255,1,228927,4166167,229970,4166821
773,a,1,2,5,2007-11-17,292,1,229567,4164247,229970,4166821
773,a,1,2,5,2007-12-15,320,1,230330,4165642,229970,4166821
773,a,1,2,5,2007-12-22,327,1,229317,4165773,229970,4166821
773,a,1,2,5,2008-01-25,361,1,227258,4170785,229970,4166821
773,a,1,2,5,2008-02-10,612,2,229204,4167372,229970,4166821
773,a,1,2,5,2008-02-22,389,1,223610,4174479,229970,4166821
773,a,1,2,5,2008-03-30,426,1,229544,4165891,229970,4166821
773,a,1,2,5,2008-04-13,440,2,229700,4165491,229970,4166821
773,a,1,2,5,2008-07-02,374,1,229369,4166351,229970,4166821
773,a,1,2,5,2008-07-28,546,2,230700,4166168,229970,4166821
773,a,1,2,5,2008-08-29,578,2,231187,4166160,229970,4166821
773,a,1,2,5,2008-09-07,527,2,230256,4166007,229970,4166821
773,a,1,2,5,2008-10-05,467,2,228949,4166949,229970,4166821
773,a,1,2,5,2008-10-18,628,2,231033,4166093,229970,4166821
773,a,1,2,5,2008-12-09,592,2,229636,4166215,229970,4166821
793,c,3,2,3,2005-04-10,200,1,226041,4166364,230582,4166865
793,c,3,2,3,2005-07-09,173,1,228262,4165625,230582,4166865
793,c,3,2,3,2005-08-26,161,1,225846,4169441,230582,4166865
793,c,3,2,3,2005-08-28,163,1,229243,4166421,230582,4166865
793,c,3,2,3,2005-08-29,164,1,229728,4166618,230582,4166865
793,c,3,2,3,2005-09-13,179,1,226266,4164489,230582,4166865
793,c,3,2,3,2005-09-16,182,1,225570,4169672,230582,4166865
793,c,3,2,3,2005-09-18,184,1,227309,4164186,230582,4166865
793,c,3,2,3,2005-09-20,186,1,228598,4164550,230582,4166865
793,c,3,2,3,2005-09-22,188,1,226256,4165445,230582,4166865
793,c,3,2,3,2005-09-26,192,1,224518,4168088,230582,4166865
793,c,3,2,3,2005-11-20,247,1,225617,4167883,230582,4166865
793,c,3,2,3,2005-11-22,249,1,225717,4165873,230582,4166865
793,c,3,2,3,2005-12-10,208,1,226003,4167377,230582,4166865
808,a,1,2,3,2005-03-10,219,2,224855,4165907,229970,4166821
808,a,1,2,3,2005-07-12,284,2,224893,4166179,229970,4166821
808,a,1,2,3,2005-08-13,168,1,225070,4165866,229970,4166821
808,a,1,2,3,2005-08-16,171,1,225246,4166383,229970,4166821
808,a,1,2,3,2005-08-18,173,1,225085,4166814,229970,4166821
808,a,1,2,3,2005-08-22,177,1,224727,4166573,229970,4166821
808,a,1,2,3,2005-08-26,181,1,225285,4166301,229970,4166821
808,a,1,2,3,2005-08-30,185,1,225091,4166358,229970,4166821
808,a,1,2,3,2005-09-13,199,1,223311,4166505,229970,4166821
808,a,1,2,3,2005-09-20,206,1,225159,4166374,229970,4166821
808,a,1,2,3,2005-09-26,212,2,224506,4165659,229970,4166821
808,a,1,2,3,2005-10-18,234,2,224993,4166286,229970,4166821
808,a,1,2,3,2005-11-17,264,2,224941,4166176,229970,4166821
808,a,1,2,3,2005-11-22,269,2,224847,4167025,229970,4166821
808,a,1,2,3,2005-12-08,167,1,225010,4165826,229970,4166821
808,a,1,2,3,2005-12-10,228,2,224628,4166084,229970,4166821
808,a,1,2,3,2005-12-19,296,2,225187,4166384,229970,4166821
808,a,1,2,3,2005-12-28,305,2,225172,4166232,229970,4166821
808,a,1,2,3,2006-01-26,334,2,225245,4166372,229970,4166821
808,a,1,2,3,2006-02-18,357,2,224215,4168039,229970,4166821
808,a,1,2,3,2006-02-25,364,2,225187,4166384,229970,4166821
808,a,1,2,3,2006-03-01,311,2,224995,4166313,229970,4166821
808,a,1,2,3,2006-04-02,343,2,225072,4166034,229970,4166821
808,a,1,2,3,2006-05-03,372,2,224561,4167482,229970,4166821
808,a,1,2,3,2006-11-02,350,2,225036,4166403,229970,4166821
808,a,1,2,3,2006-12-03,379,2,223701,4166318,229970,4166821
833,o,7,1,3,2005-06-09,176,1,233892,4165111,223292,4159971
833,o,7,1,3,2005-08-27,166,1,223639,4149886,223292,4159971
833,o,7,1,3,2005-09-10,209,1,238323,4165949,223292,4159971
833,o,7,1,3,2005-09-13,183,1,233362,4165065,223292,4159971
833,o,7,1,3,2005-09-20,190,1,234164,4165394,223292,4159971
833,o,7,1,3,2005-09-30,200,1,238522,4165753,223292,4159971
833,o,7,1,3,2005-10-16,216,1,237636,4166015,223292,4159971
833,o,7,1,3,2005-10-18,218,1,237929,4165349,223292,4159971
833,o,7,1,3,2005-11-17,248,1,237959,4166018,223292,4159971
833,o,7,1,3,2005-11-23,254,1,237720,4166775,223292,4159971
833,o,7,1,3,2005-11-26,257,1,237877,4165708,223292,4159971
852,c,3,1,3,2005-03-12,262,1,228056,4161474,230582,4166865
852,c,3,1,3,2005-08-12,267,1,227780,4161856,230582,4166865
852,c,3,1,3,2005-09-16,184,1,227451,4163310,230582,4166865
852,c,3,1,3,2005-09-20,188,1,227620,4163497,230582,4166865
852,c,3,1,3,2005-10-21,219,1,227891,4163078,230582,4166865
852,c,3,1,3,2005-11-17,246,1,228326,4161705,230582,4166865
852,c,3,1,3,2005-11-27,256,1,228488,4162492,230582,4166865
852,c,3,1,3,2005-12-12,271,1,228020,4161310,230582,4166865
852,c,3,1,3,2005-12-19,278,1,227651,4161780,230582,4166865
852,c,3,1,3,2006-01-21,311,1,228463,4162376,230582,4166865
852,c,3,1,3,2006-01-26,316,1,228072,4161897,230582,4166865
852,c,3,1,3,2006-02-25,346,1,227886,4164710,230582,4166865
852,c,3,1,3,2006-03-01,293,1,227647,4161726,230582,4166865
852,c,3,1,3,2006-04-02,325,1,228237,4161749,230582,4166865
852,c,3,1,3,2006-05-03,354,1,227886,4164710,230582,4166865
852,c,3,1,3,2006-11-01,301,1,227613,4161219,230582,4166865
852,c,3,1,3,2006-11-02,332,1,228243,4161395,230582,4166865
854,o,7,1,5,2007-01-11,260,1,217165,4156345,223292,4159971
854,o,7,1,5,2007-02-12,291,1,215381,4150718,223292,4159971
854,o,7,1,5,2007-03-08,170,1,218756,4156245,223292,4159971
854,o,7,1,5,2007-03-10,231,1,214205,4153038,223292,4159971
854,o,7,1,5,2007-06-09,204,1,216894,4151562,223292,4159971
854,o,7,1,5,2007-08-12,297,1,215103,4150502,223292,4159971
854,o,7,1,5,2007-08-25,192,1,213961,4152900,223292,4159971
854,o,7,1,5,2007-08-30,197,1,215938,4151317,223292,4159971
854,o,7,1,5,2007-09-13,211,1,215428,4156734,223292,4159971
854,o,7,1,5,2007-09-22,220,1,214082,4153001,223292,4159971
854,o,7,1,5,2007-09-30,228,1,214059,4152897,223292,4159971
854,o,7,1,5,2007-12-10,240,1,214303,4151709,223292,4159971
854,o,7,1,5,2007-12-15,304,1,213937,4153318,223292,4159971
854,o,7,1,5,2007-12-22,311,1,216504,4152394,223292,4159971
854,o,7,1,5,2008-01-15,335,1,213988,4153247,223292,4159971
854,o,7,1,5,2008-01-25,345,1,214074,4153320,223292,4159971
854,o,7,1,5,2008-02-22,373,1,213934,4152769,223292,4159971
854,o,7,1,5,2008-03-30,410,2,213932,4153001,223292,4159971
854,o,7,1,5,2008-04-13,424,2,213903,4153154,223292,4159971
854,o,7,1,5,2008-06-13,485,2,214074,4153320,223292,4159971
854,o,7,1,5,2008-07-28,530,2,213929,4153198,223292,4159971
854,o,7,1,5,2008-07-29,531,2,213959,4153260,223292,4159971
854,o,7,1,5,2008-08-29,562,2,214224,4152690,223292,4159971
854,o,7,1,5,2008-10-05,451,2,213913,4153103,223292,4159971
854,o,7,1,5,2008-12-09,576,2,213905,4153419,223292,4159971
862,b,2,1,3,2005-01-09,167,1,225666,4165487,231560,4165831
862,b,2,1,3,2005-03-10,199,1,224769,4165693,231560,4165831
862,b,2,1,3,2005-07-09,173,1,224909,4166279,231560,4165831
862,b,2,1,3,2005-07-12,264,1,224520,4166232,231560,4165831
862,b,2,1,3,2005-08-18,153,1,225941,4167827,231560,4165831
862,b,2,1,3,2005-08-19,154,1,225927,4166549,231560,4165831
862,b,2,1,3,2005-08-24,159,1,225953,4165895,231560,4165831
862,b,2,1,3,2005-08-26,161,1,226549,4166241,231560,4165831
862,b,2,1,3,2005-08-30,165,1,225046,4165083,231560,4165831
862,b,2,1,3,2005-11-22,249,1,224606,4165889,231560,4165831
863,b,2,2,5,2007-03-10,210,1,230234,4163990,231560,4165831
863,b,2,2,5,2007-08-15,161,1,227702,4167128,231560,4165831
863,b,2,2,5,2007-08-30,176,1,230100,4164252,231560,4165831
863,b,2,2,5,2007-09-22,199,1,229803,4164613,231560,4165831
863,b,2,2,5,2007-09-27,204,1,230067,4164245,231560,4165831
863,b,2,2,5,2007-10-08,156,1,231790,4165625,231560,4165831
863,b,2,2,5,2007-11-10,218,1,230207,4163962,231560,4165831
863,b,2,2,5,2007-11-17,255,1,230448,4164462,231560,4165831
872,l,6,1,3,2005-03-12,238,2,227333,4164045,230545,4170003
872,l,6,1,3,2005-05-10,179,1,226952,4163775,230545,4170003
872,l,6,1,3,2005-07-12,242,2,228241,4163786,230545,4170003
872,l,6,1,3,2005-09-15,159,1,225929,4164294,230545,4170003
872,l,6,1,3,2005-09-22,166,1,227354,4163666,230545,4170003
872,l,6,1,3,2005-09-26,170,1,227141,4163355,230545,4170003
872,l,6,1,3,2005-10-21,195,1,227892,4165008,230545,4170003
872,l,6,1,3,2005-11-27,232,2,224514,4165975,230545,4170003
872,l,6,1,3,2005-12-10,186,1,227904,4163607,230545,4170003
872,l,6,1,3,2005-12-12,247,2,228127,4163821,230545,4170003
872,l,6,1,3,2005-12-19,254,2,227831,4163708,230545,4170003
872,l,6,1,3,2005-12-28,263,2,226984,4163425,230545,4170003
872,l,6,1,3,2006-01-18,284,2,228531,4163653,230545,4170003
872,l,6,1,3,2006-01-26,292,2,227582,4164494,230545,4170003
872,l,6,1,3,2006-02-25,322,2,228293,4164564,230545,4170003
872,l,6,1,3,2006-04-22,378,2,228435,4165455,230545,4170003
872,l,6,1,3,2006-04-28,384,2,228435,4165455,230545,4170003
872,l,6,1,3,2006-05-03,330,2,228614,4164225,230545,4170003
872,l,6,1,3,2006-05-13,399,2,227547,4162593,230545,4170003
872,l,6,1,3,2006-05-20,406,2,227982,4164438,230545,4170003
872,l,6,1,3,2006-11-01,277,2,228425,4163985,230545,4170003
872,l,6,1,3,2006-11-02,308,2,227301,4163826,230545,4170003
883,s,9,2,5,2007-03-10,155,1,229935,4164513,229748,4164959
883,s,9,2,5,2007-07-11,190,1,229801,4164187,229748,4164959
883,s,9,2,5,2007-08-12,221,1,229390,4164358,229748,4164959
883,s,9,2,5,2007-10-18,170,1,230237,4164349,229748,4164959
883,s,9,2,5,2007-10-26,178,1,230037,4163923,229748,4164959
883,s,9,2,5,2007-10-31,183,1,230017,4164158,229748,4164959
883,s,9,2,5,2007-11-10,163,1,230048,4164806,229748,4164959
883,s,9,2,5,2007-11-17,200,1,229941,4164095,229748,4164959
883,s,9,2,5,2007-11-30,213,1,230121,4164403,229748,4164959
883,s,9,2,5,2007-12-15,228,1,229983,4163722,229748,4164959
883,s,9,2,5,2007-12-22,235,1,229960,4163584,229748,4164959
883,s,9,2,5,2008-01-25,269,1,226617,4167124,229748,4164959
883,s,9,2,5,2008-02-10,520,2,227771,4167878,229748,4164959
883,s,9,2,5,2008-02-22,297,1,225498,4173350,229748,4164959
883,s,9,2,5,2008-03-30,334,2,228620,4164458,229748,4164959
883,s,9,2,5,2008-04-13,348,2,227409,4167148,229748,4164959
883,s,9,2,5,2008-06-13,409,2,226871,4168322,229748,4164959
883,s,9,2,5,2008-07-28,454,2,226621,4167551,229748,4164959
883,s,9,2,5,2008-08-29,486,2,227798,4167841,229748,4164959
883,s,9,2,5,2008-09-07,435,2,227702,4168046,229748,4164959
883,s,9,2,5,2008-10-05,375,2,227658,4167992,229748,4164959
883,s,9,2,5,2008-10-18,536,2,228040,4168366,229748,4164959
895,av,12,2,5,2007-08-12,314,2,225466,4157145,224349,4147497
895,av,12,2,5,2007-08-30,214,1,215301,4150685,224349,4147497
895,av,12,2,5,2007-09-22,237,2,219464,4149355,224349,4147497
895,av,12,2,5,2007-10-08,194,1,223025,4147611,224349,4147497
895,av,12,2,5,2007-11-10,256,2,236595,4163100,224349,4147497
895,av,12,2,5,2007-11-17,293,2,221417,4154753,224349,4147497
895,av,12,2,5,2007-11-30,306,2,232656,4155902,224349,4147497
895,av,12,2,5,2008-01-15,352,2,231190,4150450,224349,4147497
895,av,12,2,5,2008-01-25,362,2,231249,4150359,224349,4147497
895,av,12,2,5,2008-02-16,384,2,231361,4150991,224349,4147497
895,av,12,2,5,2008-02-22,390,2,216735,4157742,224349,4147497
895,av,12,2,5,2008-06-13,502,2,216735,4157742,224349,4147497
895,av,12,2,5,2008-09-07,528,2,231482,4151073,224349,4147497
895,av,12,2,5,2008-12-09,593,2,231670,4151075,224349,4147497
915,av,12,2,5,2007-01-11,275,2,216545,4153360,224349,4147497
915,av,12,2,5,2007-06-09,219,2,238076,4163323,224349,4147497
915,av,12,2,5,2007-07-10,250,2,229811,4150347,224349,4147497
915,av,12,2,5,2007-07-25,176,1,223589,4148568,224349,4147497
915,av,12,2,5,2007-07-28,179,1,221264,4149088,224349,4147497
915,av,12,2,5,2007-08-15,197,1,222229,4149613,224349,4147497
915,av,12,2,5,2007-08-25,207,1,220003,4148949,224349,4147497
915,av,12,2,5,2007-08-31,213,1,240927,4165676,224349,4147497
915,av,12,2,5,2007-09-22,235,2,223512,4148942,224349,4147497
915,av,12,2,5,2007-10-08,192,1,222193,4149513,224349,4147497
915,av,12,2,5,2007-10-26,269,2,220352,4148628,224349,4147497
915,av,12,2,5,2007-12-15,319,2,225562,4157198,224349,4147497
915,av,12,2,5,2007-12-30,334,2,225954,4158232,224349,4147497
915,av,12,2,5,2008-01-15,350,2,226357,4158836,224349,4147497
915,av,12,2,5,2008-01-25,360,2,216704,4161287,224349,4147497
922,u,11,1,3,2005-01-09,178,2,226933,4163689,233184,4166875
922,u,11,1,3,2005-03-10,210,2,227023,4163621,233184,4166875
922,u,11,1,3,2005-03-12,271,2,227215,4163540,233184,4166875
922,u,11,1,3,2005-07-09,184,2,227102,4163932,233184,4166875
922,u,11,1,3,2005-07-12,275,2,227058,4164302,233184,4166875
922,u,11,1,3,2005-08-14,160,1,227343,4163954,233184,4166875
922,u,11,1,3,2005-08-16,162,1,228374,4164856,233184,4166875
922,u,11,1,3,2005-08-18,164,2,227224,4163863,233184,4166875
922,u,11,1,3,2005-08-22,168,2,227224,4163863,233184,4166875
922,u,11,1,3,2005-09-13,190,2,227157,4164359,233184,4166875
922,u,11,1,3,2005-09-18,195,2,226971,4164369,233184,4166875
922,u,11,1,3,2005-09-20,197,2,227519,4164531,233184,4166875
922,u,11,1,3,2005-09-26,203,2,227149,4163866,233184,4166875
922,u,11,1,3,2005-11-18,256,2,227043,4164899,233184,4166875
922,u,11,1,3,2005-12-08,158,1,227517,4164236,233184,4166875
922,u,11,1,3,2005-12-10,219,2,227122,4164386,233184,4166875
922,u,11,1,3,2005-12-19,287,2,227062,4163622,233184,4166875
922,u,11,1,3,2005-12-28,296,2,227062,4163622,233184,4166875
922,u,11,1,3,2006-01-21,320,2,227549,4163581,233184,4166875
922,u,11,1,3,2006-02-01,301,2,227248,4163310,233184,4166875
922,u,11,1,3,2006-02-25,355,2,226979,4163727,233184,4166875
922,u,11,1,3,2006-04-08,515,2,227500,4163945,233184,4166875
922,u,11,1,3,2006-04-14,403,2,226913,4163414,233184,4166875
922,u,11,1,3,2006-04-22,411,2,227146,4163629,233184,4166875
922,u,11,1,3,2006-04-28,417,2,226951,4163289,233184,4166875
922,u,11,1,3,2006-05-03,363,2,226929,4163252,233184,4166875
922,u,11,1,3,2006-05-13,432,2,227447,4163971,233184,4166875
922,u,11,1,3,2006-05-20,439,2,229500,4163741,233184,4166875
922,u,11,1,3,2006-05-28,447,2,227365,4163670,233184,4166875
922,u,11,1,3,2006-05-31,450,2,227386,4163968,233184,4166875
922,u,11,1,3,2006-06-05,425,2,226984,4164083,233184,4166875
922,u,11,1,3,2006-06-17,467,2,227347,4163696,233184,4166875
922,u,11,1,3,2006-06-21,471,2,228585,4164537,233184,4166875
922,u,11,1,3,2006-07-16,496,2,227367,4163531,233184,4166875
922,u,11,1,3,2006-07-22,502,2,227066,4163365,233184,4166875
922,u,11,1,3,2006-07-29,509,2,227061,4163455,233184,4166875
922,u,11,1,3,2006-08-07,488,2,228585,4164537,233184,4166875
922,u,11,1,3,2006-08-15,526,2,227608,4164351,233184,4166875
922,u,11,1,3,2006-10-06,460,2,227057,4163585,233184,4166875
922,u,11,1,3,2006-11-01,310,2,227215,4163540,233184,4166875
922,u,11,1,3,2006-12-03,370,2,226913,4163414,233184,4166875
964,av,12,1,5,2007-01-11,273,2,216267,4145693,224349,4147497
964,av,12,1,5,2007-06-08,186,1,222786,4149249,224349,4147497
964,av,12,1,5,2007-07-10,248,2,220597,4147033,224349,4147497
964,av,12,1,5,2007-07-29,178,1,220807,4148053,224349,4147497
964,av,12,1,5,2007-08-15,195,1,220989,4147339,224349,4147497
964,av,12,1,5,2007-08-25,205,1,220229,4148524,224349,4147497
964,av,12,1,5,2007-08-30,210,1,221058,4147630,224349,4147497
964,av,12,1,5,2007-09-30,241,2,215441,4156265,224349,4147497
964,av,12,1,5,2007-11-18,290,2,216110,4149021,224349,4147497
964,av,12,1,5,2007-11-30,302,2,215864,4147730,224349,4147497
964,av,12,1,5,2007-12-15,317,2,217015,4145716,224349,4147497
964,av,12,1,5,2007-12-22,324,2,215285,4147727,224349,4147497
964,av,12,1,5,2008-01-15,348,2,215017,4147031,224349,4147497
964,av,12,1,5,2008-06-13,498,2,219512,4145209,224349,4147497
964,av,12,1,5,2008-07-28,543,2,219512,4145209,224349,4147497
964,av,12,1,5,2008-08-29,575,2,216370,4143756,224349,4147497
985,q,8,1,4,2006-01-09,167,1,231059,4162131,231065,4166634
985,q,8,1,4,2006-02-11,229,1,231096,4159288,231065,4166634
985,q,8,1,4,2006-08-09,174,1,231099,4162090,231065,4166634
985,q,8,1,4,2006-08-15,150,1,229630,4163107,231065,4166634
985,q,8,1,4,2006-09-14,180,1,231030,4162168,231065,4166634
985,q,8,1,4,2006-09-20,186,1,230821,4162151,231065,4166634
985,q,8,1,4,2006-09-28,194,1,231025,4162069,231065,4166634
985,q,8,1,4,2006-10-08,145,1,230590,4166428,231065,4166634
985,q,8,1,4,2006-10-11,237,1,231277,4159485,231065,4166634
985,q,8,1,4,2006-11-17,244,1,231359,4159419,231065,4166634
985,q,8,1,4,2006-12-10,208,1,231370,4162536,231065,4166634
5031,k,5,1,2,2004-03-09,181,1,228399,4163674,230893,4169179
5031,k,5,1,2,2004-04-12,273,1,226367,4158595,230893,4169179
5031,k,5,1,2,2004-05-12,274,1,225945,4158199,230893,4169179
5031,k,5,1,2,2004-09-09,187,1,228019,4163823,230893,4169179
5031,k,5,1,2,2004-09-10,217,1,228256,4163310,230893,4169179
5031,k,5,1,2,2004-09-17,195,1,227940,4164813,230893,4169179
5031,k,5,1,2,2004-09-23,201,1,227755,4164037,230893,4169179
5031,k,5,1,2,2004-10-20,228,1,225311,4165113,230893,4169179
5031,k,5,1,2,2004-11-15,254,1,227981,4160824,230893,4169179
5031,k,5,1,2,2004-11-24,263,1,228994,4159842,230893,4169179
5031,k,5,1,2,2005-03-07,484,2,213341,4139886,230893,4169179
5031,k,5,1,2,2005-06-21,472,2,213168,4139296,230893,4169179
5031,k,5,1,2,2005-07-17,498,2,212699,4139400,230893,4169179
5031,k,5,1,2,2005-08-15,527,2,213124,4139845,230893,4169179
5031,k,5,1,2,2005-12-06,463,1,214359,4140017,230893,4169179
5341,q,8,2,1,2003-05-11,240,1,226650,4165212,231065,4166634
5341,q,8,2,1,2003-07-09,181,1,228623,4164760,231065,4166634
5341,q,8,2,1,2003-09-13,187,1,227567,4165486,231065,4166634
5341,q,8,2,1,2003-09-19,193,1,225897,4164683,231065,4166634
5341,q,8,2,1,2003-10-10,214,1,225984,4164400,231065,4166634
5341,q,8,2,1,2003-11-14,249,1,225309,4164063,231065,4166634
5341,q,8,2,1,2003-12-28,293,1,227398,4164981,231065,4166634
5341,q,8,2,1,2004-01-06,449,1,227729,4167859,231065,4166634
5341,q,8,2,1,2004-01-21,317,1,226053,4166395,231065,4166634
5341,q,8,2,1,2004-02-14,341,1,227835,4166916,231065,4166634
5341,q,8,2,1,2004-02-22,349,1,227621,4167533,231065,4166634
5341,q,8,2,1,2004-02-25,352,1,227423,4167911,231065,4166634
5341,q,8,2,1,2004-03-05,420,1,227518,4167291,231065,4166634
5341,q,8,2,1,2004-03-07,481,1,228000,4168453,231065,4166634
5341,q,8,2,1,2004-03-10,573,2,227908,4168325,231065,4166634
5341,q,8,2,1,2004-03-11,604,2,227939,4167827,231065,4166634
5341,q,8,2,1,2004-03-17,373,1,228038,4167093,231065,4166634
5341,q,8,2,1,2004-03-24,380,1,227417,4167642,231065,4166634
5341,q,8,2,1,2004-03-29,385,1,227290,4167033,231065,4166634
5341,q,8,2,1,2004-04-23,410,1,227876,4167893,231065,4166634
5341,q,8,2,1,2004-05-21,438,1,227490,4168073,231065,4166634
5341,q,8,2,1,2004-05-25,442,1,227506,4167836,231065,4166634
5341,q,8,2,1,2004-06-03,362,1,227841,4167384,231065,4166634
5341,q,8,2,1,2004-06-07,484,1,226722,4167248,231065,4166634
5341,q,8,2,1,2004-06-21,469,1,227245,4168265,231065,4166634
5341,q,8,2,1,2004-07-12,638,2,227574,4168559,231065,4166634
5341,q,8,2,1,2004-07-25,503,2,227654,4168411,231065,4166634
5341,q,8,2,1,2004-07-27,505,2,228016,4167739,231065,4166634
5341,q,8,2,1,2004-08-06,456,1,227879,4167422,231065,4166634
5341,q,8,2,1,2004-08-08,517,2,227805,4167489,231065,4166634
5341,q,8,2,1,2004-08-14,523,2,227902,4167919,231065,4166634
5341,q,8,2,1,2004-08-17,526,2,228119,4167656,231065,4166634
5341,q,8,2,1,2004-08-28,537,2,227823,4168156,231065,4166634
5341,q,8,2,1,2004-09-10,579,2,227359,4166699,231065,4166634
5341,q,8,2,1,2004-09-25,565,2,227421,4167414,231065,4166634
5341,q,8,2,1,2004-10-03,366,1,227411,4167871,231065,4166634
5341,q,8,2,1,2004-10-15,585,2,227944,4167757,231065,4166634
5341,q,8,2,1,2004-10-24,594,2,228017,4167387,231065,4166634
5341,q,8,2,1,2004-11-09,551,2,227973,4167843,231065,4166634
5341,q,8,2,1,2004-11-15,616,2,227676,4167870,231065,4166634
5341,q,8,2,1,2004-11-25,626,2,227169,4167326,231065,4166634
5341,q,8,2,1,2004-12-04,399,1,227716,4167750,231065,4166634
5341,q,8,2,1,2004-12-05,429,1,226861,4167756,231065,4166634
5341,q,8,2,1,2004-12-07,490,2,227771,4167897,231065,4166634
5341,q,8,2,1,2004-12-11,613,2,227728,4168036,231065,4166634
5341,q,8,2,1,2004-12-13,644,2,227977,4168462,231065,4166634
6831,a,1,2,3,2005-03-10,213,1,228576,4165233,229970,4166821
6831,a,1,2,3,2005-06-09,186,1,229445,4166332,229970,4166821
6831,a,1,2,3,2005-08-16,165,1,229224,4166599,229970,4166821
6831,a,1,2,3,2005-08-24,173,1,228844,4166907,229970,4166821
6831,a,1,2,3,2005-08-26,175,1,229356,4166306,229970,4166821
6831,a,1,2,3,2005-08-30,179,1,229308,4166343,229970,4166821
6831,a,1,2,3,2005-09-20,200,1,229467,4166433,229970,4166821
6831,a,1,2,3,2005-09-26,206,1,228630,4165268,229970,4166821
6831,a,1,2,3,2005-10-18,228,1,228296,4165900,229970,4166821
6831,a,1,2,3,2005-11-20,261,1,229122,4167025,229970,4166821
6831,a,1,2,3,2005-12-08,161,1,228836,4166207,229970,4166821
6831,a,1,2,3,2005-12-10,222,1,228065,4165077,229970,4166821
6831,a,1,2,3,2006-03-04,395,1,216514,4160210,229970,4166821
6831,a,1,2,3,2006-04-14,406,2,218105,4161299,229970,4166821
6831,a,1,2,3,2006-04-22,414,2,218105,4161299,229970,4166821
6831,a,1,2,3,2006-04-28,420,2,218105,4161299,229970,4166821
6831,a,1,2,3,2006-05-13,435,2,216951,4159347,229970,4166821
6831,a,1,2,3,2006-06-05,428,2,218105,4161299,229970,4166821
